feature,importance
0,0.0
00,0.0
000,0.0006554422
01,0.0
02,0.0
03,0.0
04,0.0
05,0.0
06,0.0
07,0.0
08,0.0
09,0.0
1,0.00076862576
10,0.0
100,0.0
1000,0.0
104,0.0
106,0.0
10th,0.0
11,0.0
110,0.0
111,0.0
114,0.0
118,0.0
11th,0.0
12,0.0
120,0.0
125,0.0
126,0.0
129,0.0
12th,0.0
13,0.0
130,0.0
131,0.0
132,0.0
135,0.0
13th,0.0
14,0.0
140,0.0
145,0.0
147,0.0
15,0.0
150,0.0
1500,0.0
15th,0.0
15wu5u,0.0
16,0.0
160,0.0
16esd9,0.0
16th,0.0
17,0.0
170,0.0
172,0.0
175,0.0
18,0.0
180,0.0
186,0.0
19,0.0
195,0.0
1976,0.0
1990,0.0
1990s,0.0
1991,0.0
1992,0.0
1994,0.0
1995,0.0
1996,0.0
1997,0.0
1998,0.0
1999,0.0
1st,0.0
2,0.0
20,0.0
200,0.0
2000,0.0
2001,0.0
2002,0.0
2003,0.0
2004,0.0
2005,0.0
2006,0.0
2007,0.0
2008,0.0
2009,0.0
2010,0.0
2011,0.0
2012,0.0
2013,0.0
2014,0.0
2015,0.0
2020,0.0
21,0.0
210,0.0
21st,0.0
22,0.0
220,0.0
225,0.0
23,0.0
230,0.0
24,0.0
240,0.0
24th,0.0
25,0.0
250,0.0
26,0.0
260,0.0
26th,0.0
27,0.0
270,0.0
27th,0.0
28,0.0
280,0.0
29,0.0
29th,0.0
2nd,0.0
3,0.0
30,0.0
300,0.0
3000,0.0
31,0.0
31st,0.0
32,0.0
320,0.0
33,0.0
34,0.0
34th,0.0
35,0.0
350,0.0
36,0.0
360,0.0
37,0.0
38,0.0
39,0.0
3rd,0.0
4,0.0012692352
40,0.0
400,0.0004437006
4000,0.0
41,0.0
42,0.0
43,0.0
430,0.0
44,0.0
45,0.0
450,0.0
46,0.0
4636,0.0031689762
47,0.0
48,0.0
49,0.0
4th,0.0
5,3.2494515e-06
50,0.0
500,0.0
5000,0.0
51,0.0
52,0.0
53,0.0
54,0.0
55,0.0
550,0.0
56,0.0
560,0.0
57,0.0
58,0.0
59,0.0
5th,0.0
5yhujg,0.0
6,0.0
60,0.0
600,0.0
61,0.0
62,0.0
63,0.0
64,0.0
65,0.0
650,0.0
66,0.0
67,0.0
68,0.0
69,0.0
6ogjrx,0.0
7,0.0
70,0.00041981932
700,0.0
72,0.0
73,0.0
74,0.0
75,0.0
750,0.0
76,0.0
77,0.0
78,0.0
79,0.0
790,0.0
7pm,0.0
7th,0.0
8,0.0024723185
80,0.0
800,0.0
8000,0.0
82,0.0
83,0.0
85,0.0
86,0.0
87,0.0
88,0.0
89,0.0
8th,0.0
9,0.0
90,0.0
900,0.0
91,0.0
92,0.0
93,0.0
95,0.0
96,0.0
97,0.0
98,0.0
99,0.0
9th,0.0
a7zy8s,0.0
aai,0.0
ab,0.0
ababa,0.0
abad,0.0
abandon,0.0
abandoned,0.0
abdominal,0.0
abducted,0.0
abduction,0.0
abdul,0.0
ability,0.0
able,0.0
abnormal,0.0
abnormally,0.0
aboard,0.0
abroad,0.0
absence,0.0
absolute,0.0
abundant,0.0
abuse,0.0
accelerated,0.0
accept,0.0
accepted,0.0
accepting,0.0
access,0.0
accessible,0.0
accident,0.0
accommodate,0.0
accommodation,0.0
accompanied,0.0
accompany,0.0
accompanying,0.0
accord,0.0
accordance,0.0
according,0.0
account,0.0
accountability,0.0
accountable,0.0
accountant,0.0
accounting,0.0
accumulated,0.0
accumulation,0.0
accused,0.0
aceh,0.0
acehnese,0.0
ache,0.0
achieve,0.0
achieved,0.0
acid,0.0
acquired,0.0
acre,0.0
across,0.0
act,0.0
acted,0.0
acting,0.0
action,0.0
activate,0.0
activated,0.0
active,0.0
actively,0.0
activist,0.0
activity,0.00043943562
actor,0.0
actual,0.0
actually,0.0
acute,0.0
ad,0.0
adapt,0.0
adaptation,0.0
adb,0.0
add,0.0
added,0.0
adding,0.0
addis,0.0
addition,0.0
additional,0.0
additionally,0.0
address,0.0
addressed,0.0
addressing,0.0
addu,0.0
adequate,0.0
adjacent,0.0
adjoining,0.0
administer,0.0
administered,0.0
administration,0.0
administrative,0.0
administrator,0.0
admission,0.0
admitted,0.0
ado,0.0
adolescent,0.0
adopt,0.0
adopted,0.0
adoption,0.0
adra,0.0
adress,0.0
adult,0.0
advance,0.0004410648
advanced,0.0
advancement,0.0
advantage,0.0
adverse,0.0
adversely,0.0
advice,0.0
advise,0.0
advised,0.0
adviser,0.0
advises,0.0
advisor,0.0
advisory,0.0
advocacy,0.0
advocate,0.0
aedes,0.0
aerial,0.0
affair,0.0
affect,0.0
affected,0.021102265
affectees,0.0
affecting,0.0
afflicted,0.0
afford,0.0
affordable,0.0
afghan,0.0
afghanistan,0.0
afp,0.0
afraid,0.0
africa,0.0
african,0.0
aftermath,0.0
afternoon,0.0
aftershock,0.0028124051
age,0.0
aged,0.0
agency,0.0004054004
agenda,0.0
agent,0.0
aggravated,0.0
ago,0.0
agree,0.0
agreed,0.0
agreement,0.0
agricultural,0.0
agriculture,0.002367582
agro,0.0
ahead,0.0
ahmad,0.0
ahmed,0.0
ahmedabad,0.0
aid,0.020206338
aide,0.0
ailment,0.0
aim,0.0
aimed,0.0
air,0.0
airbase,0.0
aircraft,0.0
airdrop,0.0
airfield,0.0
airlift,0.0
airlifted,0.0
airline,0.0
airplane,0.0
airport,0.00042954265
al,0.0
alarm,0.0
alarming,0.0
alert,0.0
alertnet,0.0
algeria,0.0
algiers,0.0
ali,0.0
aligned,0.0
alive,0.0
alix,0.0
allah,0.0
allegation,0.0
alleged,0.0
allegedly,0.0
allergy,0.0
alleviate,0.0
alley,0.0
alliance,0.0
allied,0.0
allocated,0.0
allocation,0.0
allow,0.0
allowed,0.0
allowing,0.001297418
ally,0.0
almost,0.0
alone,0.0
along,0.0
alongside,0.0
alot,0.0
already,0.0008226783
also,0.00042012433
alternative,0.0
although,0.0
altitude,0.0
aluminium,0.0
always,0.0
amadou,0.0
amazing,0.0
ambassador,0.0
ambassy,0.0
ambroise,0.0
ambulance,0.0
ambush,0.0
amda,0.0
america,0.0
american,0.0
americares,0.0
amhara,0.0
amid,0.0
amity,0.0
ammunition,0.0
amnesty,0.0
among,0.0
amongst,0.0
amount,0.0
amounting,0.0
amp,0.0
ampara,0.0
amphibious,0.0
anaemia,0.0
analysis,0.0
analyst,0.0
ancient,0.0
andaman,0.0
andes,0.0
andhra,0.0
anemia,0.0
angel,0.0
anger,0.0
angle,0.0
angola,0.0
angolan,0.0
angry,0.0
animal,0.0
annan,0.0
anne,0.0
announce,0.0
announced,0.0
announcement,0.0
announcing,0.0
annual,0.0
annually,0.0
anomaly,0.0
another,0.0004074921
ansar,0.0
anse,0.0
answer,0.0
answering,0.0
antenna,0.0
anti,0.0
antibiotic,0.0
anticipated,0.0
antoine,0.0
anxiety,0.0
anxious,0.0
anybody,0.0
anymore,0.0
anyone,0.0
anything,0.0004252315
anyway,0.0
anywhere,0.0
ap,0.00035021978
apart,0.0
apartment,0.0
apocalypse,0.0
app,0.0
appalling,0.0
apparent,0.0
apparently,0.0
appeal,0.0
appealed,0.0
appealing,0.0
appear,0.0
appeared,0.0
appears,0.0
apple,0.0
appliance,0.0
application,0.0
applied,0.0
apply,0.0
appointed,0.0
appreciate,0.0
appreciated,0.0
approach,0.0
approached,0.0
approaching,0.0
appropriate,0.0
approval,0.0
approved,0.0
approximately,0.0
apr,0.0
april,0.0
apt,0.0
aqim,0.0
aquatab,0.0
aquatabs,0.0
aquatic,0.0
aqui,0.0
aquifer,0.0
aquin,0.0
arab,0.0
arable,0.0
arbitrary,0.0
arc,0.0
archipelago,0.0
architect,0.0
archive,0.0
arctic,0.0
area,0.02039867
arena,0.0
argentina,0.0
ari,0.0
arid,0.0
arm,0.0
armed,0.0
armenia,0.0
army,0.0
armyworm,0.0
around,0.0
arrange,0.0
arranged,0.0
arrangement,0.0
arrest,0.0
arrested,0.0
arrival,0.0
arrive,0.0
arrived,0.0
arrives,0.0
arriving,0.0
arsenic,0.0
art,0.0
artibonite,0.0
article,0.0
artificial,0.0
artillery,0.0
artist,0.0
arunachal,0.0
as,0.0
asap,0.0
asean,0.0
ash,0.0
ashore,0.0
asia,0.0
asian,0.0
aside,0.0
ask,0.000119594195
asked,0.0
asking,0.0017827061
aspect,0.0
ass,0.0
assam,0.0
assassination,0.0
assault,0.0
assembled,0.0
assembly,0.0
assessed,0.0
assessing,0.0
assessment,0.0
asset,0.0
assist,0.0
assistance,0.0
assistant,0.0
assisted,0.0
assisting,0.0
associated,0.0
association,0.0
assorted,0.0
assurance,0.0
assured,0.0
asthma,0.0
astoria,0.0
asylum,0.0
ate,0.0
atlantic,0.0
atmosphere,0.0
atmospheric,0.0
atoll,0.0
attached,0.0
attack,0.0
attacked,0.0
attacker,0.0
attacking,0.0
attain,0.0
attempt,0.0
attempted,0.0
attended,0.0
attention,0.0
attributed,0.0
au,0.0
aug,0.0
august,0.0
aunt,0.0
aur,0.0051074997
australia,0.0
australian,0.0
author,0.0
authoritarian,0.0
authority,0.0
autonomous,0.0
autonomy,0.0
autumn,0.0
availability,0.0
available,0.0
avalanche,0.0
ave,0.0
avenue,0.0
average,0.0
avian,0.0
aviation,0.0
avoid,0.0
await,0.0
awaiting,0.0
awarded,0.0
aware,0.0
awareness,0.0
away,0.0
awesome,0.0
azad,0.0
azawad,0.0
aziz,0.0
b,0.0
ba,0.0
baby,0.0
bacc,0.0
back,0.0012818626
backed,0.0
background,0.0
backpack,0.0
bacteria,0.0
bacterial,0.0
bacterium,0.0
bad,0.0
badakhshan,0.0
badly,0.0
bag,0.0
bagh,0.0
bailey,0.0
baked,0.0
bakery,0.0
balakot,0.0
balance,0.0
bale,0.0
ball,0.0
ballot,0.0
balochistan,0.0
baltistan,0.0
baluchistan,0.0
bamako,0.0
bamboo,0.0
ban,0.0
banana,0.0
band,0.0
banda,0.0
bandage,0.0
bandit,0.0
bangkok,0.0
bangladesh,0.0
bangladeshi,0.0
bank,0.0
banned,0.0
bantul,0.0
bar,0.0
bare,0.0
barely,0.0
barge,0.0
barley,0.0
barra,0.0
barrack,0.0
barren,0.0
barrier,0.0
base,0.0
based,0.0014772053
basement,0.0
basic,0.0004353973
basin,0.0
basis,0.0
basket,0.0
basketball,0.0
basti,0.0
batch,0.0
bath,0.0
bathing,0.0
bathroom,0.0
battalion,0.0
battered,0.0
battery,0.0
batticaloa,0.0
battle,0.0
battling,0.0
bay,0.0
bb,0.0
bbc,0.0
beach,0.0
bean,0.0
bear,0.0
bearing,0.0
beat,0.0
beaten,0.0
beating,0.0
beautiful,0.0
became,0.0
become,0.0
becomes,0.0
becoming,0.0
bed,0.0
bedding,0.0
beer,0.0
beg,0.0
began,0.0
begging,0.0
begin,0.0
beginning,0.0
begun,0.0
behalf,0.0
behavior,0.0
behaviour,0.0
behind,0.0
beijing,0.0
beira,0.0
belg,0.0
believe,0.0
believed,0.0
bell,0.0
belong,0.0
belonging,0.0
belongs,0.0
belt,0.0
beneath,0.0
beneficial,0.0
beneficiary,0.0
benefit,0.0
benefited,0.0
benefiting,0.0
bengal,0.0
bengkulu,0.0
benin,0.0
bertin,0.0
beside,0.0
besides,0.0
besoin,0.0
best,0.0
bet,0.0
better,0.0020184417
beyond,0.0
bhachau,0.0
bhubaneswar,0.0
bhuj,0.0
bhutan,0.0
bi,0.0
bicycle,0.0
bid,0.0
big,0.0
bigger,0.0
biggest,0.0
bihar,0.0
bike,0.0
bilateral,0.0
bill,0.0
billion,0.0
bin,0.0
binh,0.0
bio,0.0
biodiversity,0.0
bird,0.0
birth,0.0
birthday,0.0
biscuit,0.0
bissau,0.0
bit,0.0
bitch,0.0
bite,0.0
biting,0.0
bitter,0.0
bitterly,0.0
bizoton,0.0
black,0.0
blackout,0.0
bladder,0.0
blame,0.0
blamed,0.0
blanc,0.0
blanket,0.0
blast,0.0
blaze,0.0
bleach,0.002120262
bleaching,0.0
bleak,0.0
bleeding,0.0
blend,0.0
blended,0.0
bless,0.0
blew,0.0
blindness,0.0
blistering,0.0
blizzard,0.0
bloated,0.0
bloc,0.0
block,0.0
blocked,0.0
blocking,0.0
blog,0.0
blood,0.0
bloody,0.0
blow,0.0
blowing,0.0
blown,0.0
blue,0.0
bma,0.0
board,0.0
boarded,0.0
boat,0.0
body,0.0
boil,0.0014340489
boiled,0.0
boiler,0.0
boiling,0.0
bois,0.0
boko,0.0
bomb,0.0
bombardment,0.0
bomber,0.0
bombing,0.0
bon,0.0
bone,0.0
book,0.0
boom,0.0
boost,0.0
boot,0.0
border,0.0
bordering,0.0
bore,0.0
bored,0.0
boreholes,0.0
borer,0.0
boring,0.0
born,0.0
borne,0.0
botswana,0.0
bottle,0.0
bottled,0.0
bottom,0.0
bought,0.0
boukan,0.0
boulder,0.0
bound,0.0
boundary,0.0
bouquet,0.0
bout,0.0
bowl,0.0
box,0.0
boy,0.0
boyer,0.0
brace,0.0
bracing,0.0
brackish,0.0
brahmaputra,0.0
brain,0.0
branch,0.0
brazzaville,0.0
breach,0.0
breached,0.0
bread,0.0
break,0.0
breakfast,0.0
breaking,0.0
breast,0.0
breath,0.0
breathing,0.0
breed,0.0
breeding,0.0
brick,0.0
bridge,0.0
brief,0.0
briefing,0.0
brigade,0.0
bring,0.0
bringing,0.0
brings,0.0
britain,0.0
british,0.0
broad,0.0
broadcast,0.0
broader,0.0
broadly,0.0
brocken,0.0
broke,0.0
broken,0.0
brokered,0.0
brooklyn,0.0
broom,0.0
brother,0.0
brought,0.0
brown,0.0
brush,0.0
brutal,0.0
bucket,0.0
buddhist,0.0
budget,0.0
buffalo,0.0
buffer,0.0
buhari,0.0
build,0.0
building,0.0
built,0.0
bulk,0.0
bulldozer,0.0
bullet,0.0
bumper,0.0
bunch,0.0
bundle,0.0
buoy,0.0
burden,0.0
bureau,0.0
burial,0.0
buried,0.0
burkina,0.0
burma,0.0
burmese,0.0
burn,0.0
burned,0.0
burning,0.0
burnt,0.0
burst,0.0
bursting,0.0
burundi,0.0
burying,0.0
bus,0.0
bush,0.0
business,0.0
busy,0.0
butte,0.0
butter,0.0
buy,0.0
buying,0.0
bwa,0.0
bye,0.0
c,0.0
ca,0.0
cabaret,0.0
cabinet,0.0
cable,0.0
cafe,0.0
calamity,0.0
calcium,0.0
calendar,0.0
california,0.0
call,0.00044307925
called,0.0
calling,0.0
calm,0.0
cam,0.0
cambodia,0.0
came,0.0
camel,0.0
cameroon,0.0
camp,0.0
campaign,0.0
camped,0.0
camping,0.0
can,0.0
canada,0.0
canadian,0.0
canal,0.0
canape,0.0
cancellation,0.0
cancelled,0.0
cancer,0.0
candidate,0.0
candle,0.0
cane,0.0
canne,0.0
canned,0.0
cant,0.0
canvas,0.0010879082
cap,0.0
capability,0.0
capable,0.0
capacity,0.0
cape,0.0
capital,0.0
capsized,0.0
captured,0.0
car,0.0014384751
carbon,0.0
card,0.0031688088
care,0.0
carefour,0.0
carefully,0.0
cargo,0.0
caribbean,0.0
caring,0.0
caritas,0.0
carpet,0.0
carrefour,0.0004369235
carried,0.0
carry,0.0
carrying,0.0
cart,0.0
casa,0.0
case,0.00040515806
cash,0.00031535415
cassava,0.0
cast,0.0
castro,0.0
casualty,0.0
cat,0.0
cataract,0.0
catastrophe,0.0
catastrophic,0.0
catastrophy,0.0
catch,0.0
catchment,0.0
category,0.0
caterpillar,0.0
catholic,0.0
cator,0.0
cattle,0.0
caught,0.0
cauquenes,0.0
cause,0.0
caused,0.0
causing,0.0
caution,0.0
cave,0.0
cayes,0.0
ce,0.0
cease,0.0
ceasefire,0.0
ceiling,0.0
cell,0.0
cellphone,0.0
cellular,0.0
celsius,0.0
cement,0.0
cemetery,0.0
census,0.0
cent,0.0
center,0.00040101085
centered,0.0
centigrade,0.0
centimeter,0.0
centimetre,0.0
central,0.0
centre,0.0
centred,0.0
century,0.0
cereal,0.0
cerf,0.0
certain,0.0
certificate,0.0
ch,0.0
chad,0.0
chadian,0.0
chain,0.0
chair,0.0
chairman,0.0
challenge,0.0
challenging,0.0
champ,0.0
chance,0.0
change,0.0
changed,0.0
changing,0.0
channel,0.0
chao,0.0
chaos,0.0
chapter,0.0
characterized,0.0
charcoal,0.0
charge,0.0
charged,0.0
charging,0.0
charitable,0.0
charity,0.0
charles,0.0
charter,0.0
chartered,0.0
chase,0.0
chat,0.0
check,0.0
checking,0.0
checkpoint,0.0
cheese,0.0
chemical,0.0
chengdu,0.0
chf,0.0
chi,0.0
chicken,0.0021219514
chief,0.0
chikungunya,0.0
child,0.0
chile,0.0
chilean,0.0
chili,0.0
chill,0.0
chilly,0.0
china,0.00041306173
chinese,0.0
chinook,0.0
chitral,0.0
chlorination,0.0
chlorine,0.0
chocolate,0.0
choice,0.0
choked,0.0
chokwe,0.0
cholera,0.0
chongqing,0.0
choose,0.0
chopper,0.0
christ,0.0
christian,0.0
christmas,0.0
christophe,0.0
chronic,0.0
church,0.0
circle,0.0
circulate,0.0
circulating,0.0
circulation,0.0
circumstance,0.0
cit,0.0
cite,0.0
cited,0.0
citing,0.0
citizen,0.0
citizenship,0.0
city,0.0018807594
civic,0.0
civil,0.0
civilian,0.0
claim,0.0
claimed,0.0
claiming,0.0
clan,0.0
clash,0.0
class,0.0
classical,0.0
classified,0.0
classroom,0.0
clean,0.0011032248
cleaned,0.0
cleaner,0.0
cleaning,0.0
cleanup,0.0
clear,0.0
clearance,0.0
cleared,0.0
clearing,0.0
clearly,0.0
clercine,0.0
cli,0.0
client,0.0
climate,0.0
climatic,0.0
climb,0.0
clinic,0.0
clinical,0.0
clock,0.0
clogged,0.0
clorox,0.0
close,0.0
closed,0.0
closely,0.0
closer,0.0
closest,0.0
closing,0.0
closure,0.0
cloth,0.0
clothes,0.0
clothing,0.0
cloud,0.0
cloudy,0.0
club,0.0
cluster,0.0
cm,0.0
cnn,0.0
co,0.0
coal,0.0
coalition,0.0
coast,0.0
coastal,0.0004459637
coastline,0.0
coat,0.0
coconut,0.0
code,0.0
coffee,0.0
col,0.0
cold,0.0
colder,0.0
coldest,0.0
collaborating,0.0
collaboration,0.0
collapse,0.0
collapsed,0.0
collapsible,0.0
collapsing,0.0
colleague,0.0
collect,0.0
collected,0.0
collecting,0.0
collection,0.0
collective,0.0
collectively,0.0
college,0.0
colombia,0.0
colombo,0.0
colony,0.0
color,0.0
column,0.0
com,0.00018938105
combat,0.0
combatant,0.0
combating,0.0
combination,0.0
combine,0.0
combined,0.0
come,0.0
comfort,0.0
coming,0.0
comitee,0.0
comity,0.0
command,0.0
commander,0.0
comment,0.0
commercial,0.0
commission,0.0
commissioner,0.0
commitee,0.0
commitment,0.0
committed,0.0
committee,0.0
committing,0.0
commodity,0.0
common,0.0
commonly,0.0
communal,0.0
commune,0.0
communicable,0.0
communicate,0.0
communication,0.0
communist,0.0
community,0.0
company,0.0022859455
compared,0.0
comparison,0.0
compassion,0.0
compensation,0.0
complained,0.0
complaining,0.0
complement,0.0
complementary,0.0
complete,0.0015749183
completed,0.0
completely,0.0
completion,0.0
complex,0.0
complicated,0.0
complicating,0.0
complication,0.0
component,0.0
composed,0.0
compost,0.0
compound,0.0
compounded,0.0
comprehension,0.0
comprehensive,0.0
comprised,0.0
comprises,0.0
comprising,0.0
compromised,0.0
computer,0.0
comtex,0.0
con,0.0
concentrate,0.0
concentration,0.0
concepci,0.0
concepcion,0.00042891825
concern,0.0
concerned,0.0
concerning,0.0
concluded,0.0
conclusion,0.0
concrete,0.0
condemned,0.0
condition,0.0
condolence,0.0
conduct,0.0
conducted,0.0
conducting,0.0
coned,0.0
conference,0.0
confidence,0.0
confirm,0.0
confirmation,0.0
confirmed,0.0
conflict,0.0
confrontation,0.0
congested,0.0
congestion,0.0
congo,0.0
congolese,0.0
congratulate,0.0
congress,0.0
conjunction,0.0
conjunctivitis,0.0
connected,0.0
connecting,0.0
connection,0.0
consecutive,0.0
consequence,0.0
consequent,0.0
conservation,0.0015855845
conservative,0.0
conserve,0.0
consider,0.0
considerable,0.0
considerably,0.0
consideration,0.0
considered,0.0
considering,0.0
consignment,0.0
consist,0.0
consistent,0.0
consisting,0.0
consists,0.0
consolidated,0.0
consortium,0.0
constant,0.0
constituci,0.0
constituency,0.0
constitution,0.0
constitutional,0.0
constrained,0.0
construct,0.0
constructed,0.0
constructing,0.0
construction,0.0
consular,0.0
consulate,0.0
consultant,0.0
consultation,0.0
consumed,0.0
consumer,0.0
consuming,0.0
consumption,0.0026491764
cont,0.0
contact,0.0
contacted,0.0
contagious,0.0
contain,0.0
contained,0.0
container,0.0
containing,0.0
contains,0.0
contaminated,0.0
contamination,0.0
content,0.0
context,0.0
continent,0.0
continental,0.0
contingency,0.0
contingent,0.0
continue,0.0023663808
continued,0.0
continues,0.0
continuing,0.0
continuous,0.0
continuously,0.0
contract,0.0
contracted,0.0
contracting,0.0
contractor,0.0
contrast,0.0
contribute,0.0
contributed,0.0
contributing,0.0
contribution,0.0
contributor,0.0
control,0.0004416403
controlled,0.0
controlling,0.0
convention,0.0
convergence,0.0
conversation,0.0
converted,0.0
convinced,0.0
convoy,0.0
cook,0.0
cooked,0.0024826585
cooker,0.0
cooking,0.0
cooky,0.0
cool,0.0
cooling,0.0
cooperation,0.0
cooperative,0.0
coordinate,0.0
coordinated,0.0
coordinating,0.0
coordination,0.0
coordinator,0.0
cope,0.0
coping,0.0
corail,0.0
coral,0.0
cord,0.0
core,0.0
corn,0.0
corner,0.0
corp,0.0
corporate,0.0
corporation,0.0
corps,0.0
correspondent,0.0
corridor,0.0
corrugated,0.0
corruption,0.0
cost,0.0022673856
costa,0.0
costly,0.0
cote,0.0
cotton,0.0
cough,0.0
could,0.0001422096
council,0.0
counseling,0.0
count,0.0
counted,0.0
counter,0.0
countering,0.0
counterpart,0.0
counting,0.0
countless,0.0
country,0.00089310895
countryside,0.0
county,0.0
coup,0.0
couple,0.0
coupled,0.0
coupon,0.0
courage,0.0
course,0.0
court,0.0
cousin,0.0
cover,0.0
coverage,0.0
covered,0.0
covering,0.0
cow,0.0
cowpea,0.0
cr,0.0
crack,0.0
crackdown,0.0
cracked,0.0
craft,0.0
crammed,0.0
cramped,0.0
crane,0.0
crash,0.0
crashed,0.0
crashing,0.0
crater,0.0
crazy,0.0
crc,0.0
cream,0.0
create,0.0
created,0.0
creates,0.0
creating,0.0
creation,0.0
credible,0.0
credit,0.0
creek,0.0
creole,0.0
crescent,0.00046001145
crest,0.0
crew,0.0
crime,0.0
criminal,0.0
crippled,0.0
crisis,0.0004161472
critic,0.0
critical,0.0
critically,0.0
criticism,0.0
crois,0.0
croix,0.0
crop,0.0008793721
cropping,0.0021405735
crore,0.0
cross,0.0
crossed,0.0
crossing,0.0
crowd,0.0
crowded,0.0
crucial,0.0
crude,0.0
cruise,0.0
crumbled,0.0
crumbling,0.0
crush,0.0
crushed,0.0
cruz,0.002893048
crwrc,0.0
cry,0.0
ct,0.0
cuba,0.0
cubic,0.0
cultivate,0.0
cultivated,0.0
cultivation,0.0
cultural,0.00041193533
culture,0.0
culvert,0.0
cumulative,0.0
cup,0.0
curfew,0.0
current,0.0
currently,0.0
curriculum,0.0
cusecs,0.0
custom,0.0
customer,0.0
cut,0.0
cutting,0.0
cuz,0.0
cv,0.0
cws,0.0
cyber,0.0
cycle,0.0
cyclical,0.0
cyclon,0.0
cyclone,0.0020783287
cyclonic,0.0
da,0.0007444033
dad,0.0
dadaab,0.0
dadu,0.0
daiichi,0.0
daily,0.0
dairy,0.0
dakar,0.0
dal,0.0
dalles,0.0
dam,0.0
damage,0.0004230574
damaged,0.0
damaging,0.0
damien,0.0
damn,0.0
damp,0.0
danger,0.0
dangerous,0.0
dangerously,0.0
darfur,0.0
dark,0.0
darkness,0.0
darling,0.0
dart,0.0
data,0.0
date,0.0
daughter,0.0
dawn,0.0
day,0.0020922334
daytime,0.0
de,0.00013527928
dead,0.0
deadliest,0.0
deadline,0.0
deadly,0.0
deal,0.0
dealing,0.0
dealt,0.0
dear,0.0
death,0.0
debate,0.0
debris,0.0
debt,0.0
dec,0.0
decade,0.0
deceased,0.0
december,0.0
decent,0.0
decentralization,0.0
decentralized,0.0
decide,0.0
decided,0.0
decins,0.0
decision,0.0
declaration,0.0
declare,0.0
declared,0.0
decline,0.0
declining,0.0
decomposed,0.0
decomposing,0.0
decrease,0.0
decreased,0.0
decreasing,0.0
decree,0.0
dedicated,0.0
deep,0.0
deeper,0.0
deeply,0.0
defecate,0.0
defecation,0.0
defence,0.0
defense,0.0
deficiency,0.0
deficient,0.0
deficit,0.0
deforestation,0.0
degradation,0.0
degraded,0.0
degree,0.0
dehydration,0.0
del,0.0
delay,0.0
delayed,0.0
delegate,0.0
delegation,0.0
delhi,0.0
deliberate,0.0
deliberately,0.0
deliver,0.0
delivered,0.0
delivering,0.0
delivers,0.0
delivery,0.0
delma,0.0
delmas,0.0
delta,0.00076947437
deluge,0.0
demand,0.0
demanding,0.0
democracy,0.0
democratic,0.0
democratically,0.0
demolished,0.0
demonstrated,0.0
demonstrating,0.0
demonstration,0.0
demonstrator,0.0
dengue,0.0
denied,0.0
denounce,0.0
dense,0.0
densely,0.0
density,0.0
dental,0.0
departement,0.0
department,0.0
departure,0.0
depend,0.0
dependence,0.0
dependent,0.0
depending,0.0
depends,0.0
depleted,0.0
depletion,0.0
deploy,0.0
deployed,0.0
deployment,0.0
deposit,0.0
deposited,0.0
depot,0.0
depression,0.0
dept,0.0
depth,0.0
deputy,0.0
dera,0.0
desalination,0.0
describe,0.0
described,0.0
desert,0.0
desertification,0.0
design,0.0
designated,0.0
designed,0.0
desk,0.0
desperate,0.0
desperately,0.0
despite,0.0
dessalines,0.0
destination,0.0
destined,0.0
destitute,0.0
destroy,0.0
destroyed,0.018430274
destroying,0.0
destruction,0.0
destructive,0.0
detail,0.0
detailed,0.0
detained,0.0
detainee,0.0
detect,0.0
detected,0.0
detection,0.0
detention,0.0
detergent,0.0
deteriorate,0.0
deteriorating,0.0
deterioration,0.0
determination,0.0
determine,0.0
determined,0.0
devastated,0.00042792314
devastating,0.0
devastation,0.0
develop,0.0022737803
developed,0.0
developing,0.0
development,0.001885001
device,0.0
devouring,0.0
dew,0.0
deyr,0.0
dfid,0.0
dgi,0.0
dhaka,0.0
di,0.0
diabetes,0.0
diagnosed,0.0
diagnosis,0.0
diagnostic,0.0
dialogue,0.0
diameter,0.0
diamond,0.0
diaper,0.0
diarrhea,0.0
diarrheal,0.0
diarrhoea,0.0
diarrhoeal,0.0
dichato,0.0
didnt,0.0
die,0.0
died,0.0
diesel,0.0
diet,0.0020906741
difference,0.0
different,0.0
difficult,0.0013649053
difficulty,0.0
dig,0.0
digg,0.0
digging,0.0
digicel,0.0
digicell,0.0
dike,0.0
dilapidated,0.0
dine,0.0
dinner,0.0
diphtheria,0.0
diploma,0.0
diplomatic,0.0
diquini,0.0
dire,0.0
direct,0.0
directed,0.0
direction,0.0
directly,0.0
director,0.0
directorate,0.0
dirt,0.0
dirty,0.0
disability,0.0
disappearance,0.0
disappeared,0.0
disaster,0.018363534
disastrous,0.0
disbursement,0.0
discharge,0.0
discharged,0.0
discovered,0.0
discrimination,0.0
discus,0.0
discussed,0.0
discussion,0.0
disease,0.0022683654
dish,0.0
disinfect,0.0
disinfectant,0.0
disinfecting,0.0
disinfection,0.0
disorder,0.0
dispatch,0.0
dispatched,0.0
dispatching,0.0
disperse,0.0
displaced,0.0
displacement,0.0
displacing,0.0
disposal,0.0
dispute,0.0
disputed,0.0
disrupted,0.0
disrupting,0.0
disruption,0.0
disseminate,0.0
dist,0.0
distance,0.0
distress,0.0
distribute,0.0
distributed,0.0
distributing,0.00044051456
distribution,0.000422163
district,0.00058599014
distt,0.0
ditch,0.0
diver,0.0
diversification,0.0
divert,0.0
divide,0.0
divided,0.0
division,0.0
djibouti,0.0
doctor,0.0
document,0.0
documented,0.0
dog,0.0
dollar,0.0
dollo,0.0
dolo,0.0
domain,0.0
dome,0.0
domestic,0.0
dominated,0.0
domingo,0.0
dominican,0.0
donate,0.0
donated,0.0
donating,0.0
donation,0.0
done,0.0
dong,0.0
donor,0.0
dont,0.0
door,0.0
dose,0.0
double,0.0
doubled,0.0
doubt,0.0
downed,0.0
downpour,0.0
downstream,0.0
downtown,0.0
dozen,0.0
dpa,0.0
dpr,0.0
dprk,0.0
dr,0.0
draft,0.0
drafting,0.0
drain,0.0
drainage,0.0
drama,0.0
dramatic,0.0
dramatically,0.0
drastically,0.0
draw,0.0
drawing,0.0
drawn,0.0
drc,0.0
dream,0.0
dredging,0.0
drenched,0.0
drenching,0.0
dried,0.0
drier,0.0
drill,0.0
drilled,0.0
drilling,0.0
drink,0.0
drinkable,0.0
drinking,7.471316e-05
drip,0.0
drive,0.0
driven,0.0
driver,0.0
driving,0.0
drone,0.0
drop,0.0024343254
dropped,0.0
dropping,0.0
drought,0.0
drowned,0.0
drowning,0.0
drug,0.0
dry,0.0
dryland,0.0
dryness,0.0
du,0.0
dude,0.0
due,0.0
dug,0.0
dump,0.0
dumped,0.0
durable,0.0
duration,0.0
dushanbe,0.0
dust,0.0
dusty,0.0
duty,0.0
dweller,0.0
dwelling,0.0
dy,0.0
dying,0.0
dyke,0.0
dysentery,0.0
dzud,0.001331384
e,0.0
ear,0.0
earlier,0.0
early,0.0
earmarked,0.0
earn,0.0
earned,0.0
earnings,0.0
earth,0.0
earthen,0.0
earthquake,0.025505709
earthquaque,0.0
eartquake,0.0
ease,0.0
easier,0.0
easily,0.0
east,0.0
easter,0.0
eastern,0.0
easy,0.0
eat,0.0011908874
eaten,0.0
eating,0.0
ebola,0.0
echo,0.0
ecological,0.0
economic,0.0
economically,0.0
economy,0.0
ecosystem,0.0
ecowas,0.0
ed,0.0
edge,0.0
edh,0.0
edible,0.0
editor,0.0
educate,0.0
education,0.003387779
educational,0.0
effect,0.0
effected,0.0
effective,0.0
effectively,0.0
effectiveness,0.0
efficiency,0.0
efficient,0.0
efficiently,0.0
effort,0.0
egg,0.0
eight,0.0
either,0.0
el,0.0
elderly,0.0
elected,0.0
election,0.015609457
electoral,0.0
electric,0.0
electrical,0.0
electrician,0.0
electricity,0.0
electronic,0.0
element,0.0
elementary,0.0
elevated,0.0
elevation,0.0
eleven,0.0
eligible,0.0
eliminate,0.0
eliminated,0.0
eliminating,0.0
else,0.0
elsewhere,0.0
em,0.0
email,0.0
embankment,0.0
embassy,0.00048064065
embattled,0.0
emerge,0.0
emerged,0.0
emergency,0.0014596522
emerging,0.0
emessage,0.0
emission,0.0
emotional,0.0
emphasis,0.0
emphasizes,0.0
employ,0.0
employee,0.0
employer,0.0
employment,0.0
empowerment,0.0
empty,0.0
en,0.00053232
enable,0.0
enabled,0.0
enabling,0.0
encephalitis,0.0
encourage,0.0
encouraged,0.0
encourages,0.0
encouraging,0.0
end,0.0
endangered,0.0
ended,0.0
endemic,0.0
ending,0.0
endure,0.0
enemy,0.0004070773
energy,0.0018630197
enforce,0.0
enforced,0.0
enforcement,0.0
engage,0.0
engaged,0.0
engagement,0.0
engine,0.0
engineer,0.0
engineering,0.0
england,0.0
english,0.0
engulfed,0.0
engulfing,0.0
enhance,0.0
enhanced,0.0
enhancing,0.0
enjoy,0.0
enormous,0.0
enough,0.0013866115
enriched,0.0
enroll,0.0
enrolled,0.0
ensuing,0.0
ensure,0.0
ensured,0.0
ensures,0.0
ensuring,0.0
enter,0.0
entered,0.0
entering,0.0
enterprise,0.0
enters,0.0
entire,0.0
entirely,0.0
entity,0.0
entrance,0.0
entry,0.0
environment,0.0
environmental,0.0
environmentally,0.0
epi,0.0
epicenter,0.00042388722
epicentre,0.0
epidemic,0.0
epidemiologist,0.0
episode,0.0
equality,0.0
equally,0.0
equip,0.0
equipment,0.0
equipped,0.0
equivalent,0.0
er,0.0003978737
era,0.0
eradicate,0.0
eradication,0.0
erected,0.0
eritrea,0.0
eroded,0.0
erosion,0.0
erra,0.0
erratic,0.0
erupted,0.0
erupting,0.0
eruption,0.0
escape,0.0
escaped,0.0
escort,0.0
especially,0.0
essential,0.0004392597
est,0.0
establish,0.0
established,0.0
establishing,0.0
establishment,0.0
estate,0.0
estimate,0.0
estimated,0.0
et,0.0041955695
etc,0.0
ethiopia,0.0
ethiopian,0.0
ethnic,0.0
eu,0.0
eurasian,0.0
euro,0.0
europe,0.0
european,0.0
evacuate,0.0
evacuated,0.0
evacuating,0.0
evacuation,0.00044617525
evacuee,0.0
evaluation,0.0
evangelical,0.0
even,0.0013452993
evening,0.0009977565
event,0.0004003148
eventually,0.0
ever,0.0
every,0.0
everybody,0.0
everyday,0.0
everyone,0.0
everything,0.0
everytime,0.0
everywhere,0.0
evidence,0.0
ex,0.0
exacerbated,0.0
exacerbating,0.0
exact,0.0
exactly,0.0
exam,0.0
examination,0.0
examined,0.0
example,0.0
exceeded,0.0
exceeding,0.0
excellent,0.0
except,0.0
exception,0.0
exceptional,0.0
exceptionally,0.0
excess,0.0
excessive,0.0
exchange,0.0
excuse,0.0
executed,0.0
execution,0.0
executive,0.0
exercise,0.0
exhausted,0.0
exhaustion,0.0
exhibition,0.0
exist,0.0
existing,0.0
exodus,0.0
exp,0.0
expand,0.0
expanded,0.0
expanding,0.0
expansion,0.002810925
expect,0.0
expectation,0.0
expected,0.0
expecting,0.0
expenditure,0.0
expense,0.0
expensive,0.0
experience,0.0
experienced,0.0
experiencing,0.0
expert,0.0
expertise,0.0
expired,0.00085861114
explain,0.0
explained,0.0
explains,0.0
explanation,0.0
exploded,0.0
exploitation,0.0
exploration,0.0
explosion,0.0
explosive,0.0
export,0.0
exporter,0.0
exposed,0.0
exposure,0.0
express,0.0
expressed,0.0
expression,0.0
expressway,0.0
extend,0.0
extended,0.0
extending,0.0
extension,0.0
extensive,0.0
extent,0.0
external,0.0
extra,0.0
extreme,0.0
extremely,0.0
extremism,0.0
extremist,0.0
eye,0.0
eyewitness,0.0004307897
f,0.0
face,0.0
facebook,0.0
faced,0.0
facilitate,0.0
facilitated,0.0
facilitating,0.0
facility,0.0
facing,0.0
fact,0.0
faction,0.0
factional,0.0
factor,0.0
factory,0.0
faculty,0.0
faeces,0.0
fahrenheit,0.0
fail,0.0
failed,0.0
failure,0.0
fair,0.0
fairly,0.0
faith,0.0
falciparum,0.0
fall,0.0
fallen,0.0
falling,0.0
fallout,0.0
false,0.0
fam,0.0
family,0.0005105113
famine,0.0
famous,0.0
fan,0.0
fao,0.0019189436
far,0.0
farm,0.0027402272
farmer,0.0015694118
farming,0.0
farmland,0.0
faso,0.0
fast,0.0
faster,0.0
fasting,0.0
fat,0.0
fatal,0.0
fatality,0.0
fate,0.0
father,0.0
fatigue,0.0
faucet,0.0
fault,0.0
favor,0.0
favorable,0.0
favorite,0.0
favour,0.0
favourable,0.0
fb,0.0
fear,0.0
feared,0.0
fearing,0.0
feature,0.0
feb,0.0004294922
febrile,0.0
february,0.0
fecal,0.0
fed,0.0017433745
federal,0.0
federation,0.0
fee,0.0
feed,0.0
feeder,0.0
feeding,0.00011784778
feel,0.0
feeling,0.0
fell,0.0
fellow,0.0
felt,0.0
fema,0.0
female,0.0
feminine,0.0
ferry,0.0
ferrying,0.0
fertile,0.0
fertiliser,0.0
fertility,0.0
fertilizer,0.0
feuille,0.0
feuilles,0.0
fever,0.0
few,0.0
fiber,0.0
fibre,0.0
field,0.0
fierce,0.0
fifth,0.0
fight,0.0
fighter,0.0
fighting,0.0
figure,0.0
file,0.0
fill,0.0
filled,0.0
filter,0.0
filthy,0.0
filtration,0.0
final,0.0
finally,0.0
finance,0.0
financed,0.0
financial,0.0
financing,0.0
find,0.0013351428
finding,0.0
fine,0.0
finger,0.0
finish,0.0
finished,0.0
finland,0.0
fire,0.0
fired,0.0
firefighter,0.0
firefighting,0.0
fireman,0.0
firewood,0.0
firing,0.0
firm,0.0
firmly,0.0
first,0.0019107761
fish,0.0
fisher,0.0
fisherman,0.0
fishery,0.0
fishing,0.0
five,0.0
fix,0.0
fixed,0.0
fixing,0.0
flame,0.0
flash,0.0
flashflood,0.0
flashlight,0.0
flat,0.0
flattened,0.0
fled,0.0
flee,0.0
fleeing,0.0
fleet,0.0
flew,0.0
flickering,0.0
flight,0.0
flimsy,0.0
floating,0.0
flood,0.026094615
flooded,0.0
flooding,0.0
floodwater,0.0
floodwaters,0.0
floor,0.0
florida,0.0
flour,0.0
flow,0.0
flower,0.0
flowing,0.0
flown,0.0
flu,0.0
fluid,0.0
fly,0.0
flying,0.0
fm,0.0
fo,0.0
focus,0.002125026
focused,0.0
focusing,0.0
fodder,0.0
fog,0.0
folk,0.0
follow,0.0
followed,0.0
following,0.0
follows,0.0
fond,0.0
fontamara,0.0
food,0.026390476
foodstuff,0.0
foot,0.0
footage,0.0
football,0.0
foothill,0.0
force,0.0
forced,0.0
forcibly,0.0
forcing,0.0
forecast,0.0
forecasted,0.0
forecaster,0.0
forecasting,0.0
foreign,0.0022873715
foreigner,0.0
foresee,0.0
forest,0.0
forestry,0.0
forever,0.0
forget,0.0
forgiveness,0.0
forgot,0.0
forgotten,0.0
form,0.0
formal,0.0
formation,0.0
formed,0.0
former,0.0
formerly,0.0
forming,0.0
formula,0.0
fort,0.0
forth,0.0
fortified,0.0
fortunately,0.0
forum,0.0
forward,0.0
foul,0.0
found,0.0
foundation,0.0
founded,0.0
four,0.0
fourth,0.0
fr,0.0
fracture,0.0
fractured,0.0
fragile,0.0
frame,0.0
framework,0.0
franc,0.0
france,0.0
frankenstorm,0.0
fraud,0.0
freak,0.0
free,0.0
freedom,0.0
freely,0.0
freetown,0.0
freezing,0.0
freight,0.0
french,0.0
frequency,0.0
frequent,0.00040785605
frequently,0.0
frere,0.0
freres,0.0
fresh,0.0
freshwater,0.0
friday,0.0
fridge,0.0
fried,0.0
friend,0.0
friendly,0.0
frigid,0.0
front,0.0
fronti,0.0
frontier,0.0
frontieres,0.0
frontline,0.0
frost,0.0
frozen,0.0
fruit,0.0
ft,0.0
fuck,0.0
fucking,0.0
fuckyousandy,0.0
fuel,0.0003032546
fuelled,0.0
fujian,0.0
fukushima,0.0
full,0.0
fully,0.0
fun,0.0
function,0.0
functional,0.0
functioning,0.0
fund,0.0
fundamental,0.0
funded,0.0
funding,0.0
fundraising,0.0
fungal,0.0
funny,0.0
furniture,0.0
furthermore,0.0
future,0.0025166774
g,0.0
gain,0.0
gaining,0.0
gale,0.0
galets,0.0
galle,0.0
gallon,0.0
galvanized,0.0
gam,0.0
game,0.0
gang,0.0
gansu,0.0
gao,0.0
gap,0.0
garbage,0.0
garden,0.0
gardening,0.0
garissa,0.0
gas,0.0
gasoline,0.0
gastro,0.0
gastroenteritis,0.0
gastrointestinal,0.0
gate,0.0
gather,0.0
gathered,0.0
gathering,0.0
gave,0.0
gaza,0.0
gd,0.0
gear,0.0
geared,0.0
gen,0.0031615193
gender,0.0
general,0.0
generally,0.0
generate,0.0
generated,0.0
generating,0.0
generation,0.0
generator,0.0
generosity,0.0
generous,0.0
generously,0.0
geneva,0.0
gentleman,0.0
geographic,0.0
geological,0.0
geologist,0.0
geophysics,0.0
george,0.0
georgia,0.0
gerard,0.0
german,0.0
germany,0.0
germination,0.0
get,0.00069070846
getting,0.0
ghana,0.0
ghar,0.0
ghor,0.0
ghulam,0.0
gi,0.0
giang,0.0
giant,0.0
gift,0.0
gilgit,0.0
girl,0.0
give,0.0031185807
given,0.0
giving,0.0
gl,0.0
glacier,0.0
glad,0.0
glass,0.0
global,0.0
globally,0.0
globe,0.0
glove,0.0
gmt,0.0
go,0.0025637045
goal,0.0
goat,0.0
goave,0.0
god,0.0
gode,0.0
going,0.002078383
gold,0.0
goma,0.0
gon,0.0
gonaive,0.0
gonaives,0.0
gonave,0.0
gone,0.0
goo,0.0
good,0.0025022123
got,0.0
gotten,0.0
gourde,0.0
gouvernement,0.0
gouvernment,0.0
gov,0.0
goverment,0.0
governance,0.0
governing,0.0
government,0.0006175952
governmental,0.0
governor,0.0
govt,0.0
gps,0.0
grace,0.0
grade,0.0
gradually,0.0
grain,0.0
grand,0.0
grande,0.0
grandmother,0.0
grant,0.0
granted,0.0
graphic,0.0
grass,0.0
grasshopper,0.0
grassland,0.0
grassroots,0.0
grateful,0.0
gratitude,0.0
grave,0.0
gravel,0.0
gravity,0.0
grazing,0.0
great,0.0
greater,0.0
greatest,0.0
greatly,0.0
greece,0.0
green,0.0
greenhouse,0.0
greet,0.0
greeting,0.0
grenade,0.0
gressier,0.0
grid,0.0
grief,0.0
grim,0.0
grip,0.0
grocery,0.0
gros,0.0
gross,0.0
ground,0.0
grounded,0.0
groundnut,0.0
groundwater,0.0
group,0.0
grove,0.0
grow,0.0025672521
grower,0.0
growing,0.0
grown,0.0
growth,0.0
gt,0.0
gu,0.0
guangdong,0.0
guangxi,0.0
guarantee,0.0
guard,0.0
guerrilla,0.0
guess,0.0
guidance,0.0
guide,0.0
guideline,0.0
guinea,0.0
guizhou,0.0
gujarat,0.0
gulab,0.0
gulberg,0.0
gulf,0.0
gun,0.0
gunman,0.0
gunshot,0.0
gunung,0.0
gushing,0.0
gust,0.0
gusting,0.0
guy,0.0
h,0.0
h1n1,0.0
ha,0.0
habit,0.0
habitat,0.0
haemorrhagic,0.0
hai,0.0
haidar,0.0
hail,0.0
hailstorm,0.0
hair,0.0
haiti,0.002459677
haitian,0.0020597668
haitien,0.0
half,0.0
hall,0.0
hallo,0.0
halloween,0.0
halt,0.0
halted,0.0
halting,0.0
hamed,0.0
hamlet,0.0
hammer,0.0
hampered,0.0
hampering,0.0
han,0.0
hand,0.0011715387
handed,0.0
handicap,0.0
handing,0.0
handle,0.0
handling,0.0
handpumps,0.0
handwashing,0.0
hanging,0.0
hanoi,0.0
happen,0.0
happend,0.0
happened,0.0
happening,0.0
happens,0.0
happiness,0.0
happy,0.0
haram,0.0
harassment,0.0
harbour,0.0
hard,0.0
harder,0.0
hardest,0.0
hardly,0.0
hardship,0.0
harm,0.0
harmful,0.0
harsh,0.0
harshest,0.0
harvest,0.0
harvested,0.0
harvesting,0.0
haryana,0.0
hat,0.0
hate,0.0
havent,0.0
havoc,0.0
hazard,0.0004479771
hazardous,0.0
haze,0.0
head,0.0
headache,0.0
headed,0.0
heading,0.0
headquarters,0.0
health,8.490293e-05
healthcare,0.0
healthy,0.0
hear,0.0
heard,0.0
hearing,0.0
heart,0.0
hearthquake,0.0
heat,0.0
heater,0.0
heating,0.0
heatwave,0.0
heavier,0.0
heaviest,0.0
heavily,0.0
heavy,0.0
hectare,0.0
height,0.0
heinous,0.0
held,0.0
helicopter,0.0
hell,0.0
hello,0.0
helmand,0.0
help,0.011795031
helped,0.0
helpful,0.0
helping,0.0
helpless,0.0
hemorrhagic,0.0
hepatitis,0.0
herat,0.0
herd,0.0
herder,0.0
hey,0.0
hi,0.0
hidden,0.0
hide,0.0
hiding,0.0
high,0.00050247967
higher,0.0
highest,0.0
highland,0.0
highlight,0.0
highlighted,0.0
highly,0.0
highway,0.0
hike,0.0
hill,0.0
hillside,0.0
hilly,0.0
himachal,0.0
himalayan,0.0
hinche,0.0
hired,0.0
hiring,0.0
historic,0.0
historical,0.0
history,0.0
hit,0.018538218
hitting,0.0
hiv,0.0
ho,0.0
hoboken,0.0
hoceima,0.0
hold,0.0
holding,0.0
hole,0.0
holiday,0.0
home,0.0004161329
homeland,0.0
homeless,0.0
homeowner,0.0
hon,0.0
honey,0.0
hong,0.0
hook,0.0
hope,0.0
hoped,0.0
hopefully,0.0
hoping,0.0
hopper,0.0
horn,0.0
horrible,0.0
horrific,0.0
horror,0.0
hospital,0.0
hospitalized,0.0
host,0.0
hostage,0.0
hostal,0.0
hosted,0.0
hostel,0.0
hostility,0.0
hot,0.0
hotel,0.0
hottest,0.0
hour,0.0014341034
house,0.018928168
housed,0.0
household,0.0013389174
housing,0.0
however,0.0
hr,0.0
hrw,0.0
ht,0.0
html,0.0
http,0.001129955
hub,0.0
hubei,0.0
huddled,0.0
hudson,0.0
hue,0.0
huge,0.00044025027
hum,0.0
human,0.0022969055
humanitarian,0.0
humanity,0.0
humidity,0.0
hunan,0.0
hundred,0.0
hunger,0.0
hungry,0.0
hurricane,0.020144967
hurricanesandy,0.0
hurry,0.0
hurt,0.0
husband,0.0
hut,0.0
hybrid,0.0
hyderabad,0.0
hydro,0.0
hydroelectric,0.0
hydrogen,0.0
hydrological,0.0
hydrology,0.0
hydropower,0.0
hygiene,0.0
hygienic,0.0
hypertension,0.0
i,0.0
iaea,0.0
ice,0.0
icrc,0.0
id,0.0
idea,0.0
ideal,0.0
identification,0.0
identified,0.0
identify,0.0
identifying,0.0
identity,0.0
ideology,0.0
idp,0.0
ifrc,0.0
ii,0.0
ikeportnoydt,0.0
il,0.0
ile,0.0
ill,0.0
illegal,0.0
illegally,0.0
illness,0.0
im,0.0
ima,0.0
image,0.0
imagine,0.0
imc,0.0
imd,0.0
imf,0.0
immediate,0.0
immediately,0.0
immense,0.0
immigration,0.0
imminent,0.0
immune,0.0
immunisation,0.0
immunization,0.0
imp,0.0
impact,0.0
impacted,0.0
impass,0.0
impassable,0.0
impasse,0.0
impending,0.0
implement,0.0
implementation,0.0
implemented,0.0
implementing,0.0
implication,0.0
import,0.0019804172
importance,0.0
important,0.0012592071
importantly,0.0
imported,0.0
importing,0.0
impose,0.0
imposed,0.0
impossible,0.0
impoverished,0.0
impression,0.0
improve,0.0
improved,0.0028766324
improvement,0.0
improving,0.0
improvised,0.0
impunity,0.0
inaccessible,0.0
inadequate,0.0
incentive,0.0
incessant,0.0
inch,0.0
incidence,0.0
incident,0.0
inclement,0.0
include,0.0
included,0.0
includes,0.0
including,0.0017262954
inclusive,0.0
income,0.0
incoming,0.0
incomplete,0.0
incorporated,0.0
increase,0.00069227343
increased,0.00049662014
increasing,0.0
increasingly,0.0
indeed,0.0
independence,0.0
independent,0.0
index,0.0
india,0.0
indian,0.0
indicate,0.0
indicated,0.0
indicates,0.0
indicating,0.0
indication,0.0
indigenous,0.0
indiscriminate,0.0
individual,0.0
indo,0.0010431636
indonesia,0.0
indonesian,0.0
induced,0.0
indus,0.0
industrial,0.0
industry,0.0021438312
inefficient,0.0
infant,0.0
infected,0.0
infection,0.0
infectious,0.0
infestation,0.0
inflatable,0.0
influence,0.0
influenza,0.0
influx,0.0
info,0.0
inform,0.0
informant,0.0
information,0.027473837
informed,0.0
infrastructure,0.0
ingc,0.0
inhabitant,0.0
inhambane,0.0
initial,0.0
initially,0.0
initiate,0.0
initiated,0.0
initiative,0.0
injected,0.0
injection,0.0
injured,0.0
injuring,0.0
injury,0.0
inland,0.0
inner,0.0
innocent,0.0
innovative,0.0
input,0.0
inquiry,0.0
insect,0.0
insecticide,0.0
insecure,0.0
insecurity,0.0
inside,0.0
insisting,0.0
instability,0.0
install,0.0
installation,0.0
installed,0.0
installing,0.0
instance,0.0
instant,0.0
instead,0.0
institute,0.0
institution,0.0
institutional,0.0
instructed,0.0
instruction,0.0
instrument,0.0
insufficient,0.0
insulation,0.0
insurance,0.0
insurgency,0.0
insurgent,0.0
int,0.0
intact,0.0
intake,0.0
integrated,0.0
integration,0.0
integrity,0.0
intended,0.0
intense,0.0
intensified,0.0
intensify,0.0
intensity,0.0
intensive,0.0
inter,0.0
interagency,0.0
interest,0.0
interested,0.0
interesting,0.0
interface,0.0
interference,0.0
interim,0.0
interior,0.0
intermediate,0.0
intermittent,0.0
internal,0.0
internally,0.0
international,0.0
internationally,0.0
internet,0.0
interpreter,0.0
intersection,0.0
interseismic,0.0
intervene,0.0
intervention,0.0
interview,0.0
intestinal,0.0
intimidation,0.0
intolerance,0.0
intravenous,0.0
introduced,0.0
introducing,0.0
introduction,0.0
intrusion,0.0
inundated,0.0
inundating,0.0
inundation,0.0
invading,0.0
invasion,0.0
inventory,0.0
invest,0.0
investigate,0.0
investigating,0.0
investigation,0.0
investment,0.0
involve,0.0
involved,0.0
involvement,0.0
involves,0.0
involving,0.0
iodine,0.0
iodized,0.0
iom,0.0
ir,0.0
iran,0.0
iranian,0.0
iraq,0.0
irc,0.0
ircs,0.0
ireland,0.0
irene,0.0
irin,0.0
irinnews,0.0
iron,0.0
irrawaddy,0.0
irregularity,0.0
irrigated,0.0021124098
irrigation,0.0
isiolo,0.0
islamabad,0.0
islamic,0.0
islamist,0.0
island,0.0
isolated,0.0
isolation,0.0
israel,0.0
israeli,0.0
issue,0.0
issued,0.0
issuing,0.0
italian,0.0
italy,0.0
item,0.0007437208
itis,0.0
iv,0.0
ivoire,0.0
j,0.0
jacket,0.0
jacmel,0.0
jacques,0.0
jaffna,0.0
jail,0.0
jakarta,0.0
jalalabad,0.0
jalozai,0.0
jam,0.0
james,0.0
jammu,0.0
jampur,0.0
jamshoro,0.0
jamur,0.0
jan,0.0011274053
january,0.0
japan,0.0
japanese,0.0
java,0.0
je,0.0
jean,0.0
jeep,0.0
jeremie,0.0
jerry,0.0
jersey,0.0
jerusalem,0.0
jesus,0.00041271525
jet,0.0
jetty,0.0
jiangsu,0.0
jiangxi,0.0
jica,0.0
jihad,0.0
jihadi,0.0
jihadist,0.0
jirga,0.0
job,0.023162689
jobless,0.0
jobpaw,0.0
johannesburg,0.0
john,0.0
join,0.0
joined,0.0
joint,0.0
joke,0.0
joking,0.0
jolted,0.0
jorking,0.0
journalist,0.0
journey,0.0
joy,0.0
juba,0.0
judicial,0.0
juice,0.0
july,0.0
june,0.0
junta,0.0
juste,0.0
justice,0.0
juvenile,0.0
k,0.0030876028
ka,0.0
kabul,0.0
kachipul,0.0
kafou,0.0
kala,0.0
kale,0.0
kalimantan,0.0
kambr,0.0
kandahar,0.0
karachi,0.0
kashmir,0.0
kashmiri,0.0
kathmandu,0.0
katrina,0.0
kazakhstan,0.0
kcna,0.0
ke,0.0
keep,0.0
keeping,0.0
kenya,0.0
kenyan,0.0
kept,0.0
kerala,0.0
kerosene,0.0
key,0.0
kg,0.0
khairpur,0.0
khan,0.0026662159
kharif,0.0
khatlon,0.0
khyber,0.0
ki,0.0019837606
kick,0.0
kid,0.0
kidal,0.0
kidnapped,0.0
kidnapping,0.0
kidney,0.0
kill,0.0
killed,0.0
killer,0.0
killing,0.0
kilometer,0.0
kilometre,0.0
kind,0.0
king,0.0
kingdom,0.0
kinshasa,0.0
kiss,0.0
kit,0.0
kitchen,0.0
kivu,0.0
km,0.0
knee,0.0
knew,0.0
knocked,0.0
knot,0.0
know,0.02061567
knowledge,0.0
known,0.0
ko,0.0040469966
koi,3.0122821e-06
komin,0.0
kong,0.0
korea,0.0
korean,0.0
kosi,0.0
kosovo,0.0
kot,0.0
kph,0.0
krcs,0.0
kuala,0.0
kunduz,0.0
kutch,0.0
kv,0.0
kyrgyz,0.0
kyrgyzstan,0.0
l,0.0
la,0.00040957492
lab,0.0
labor,0.0
laboratory,0.0
laboule,0.0
labour,0.0
labourer,0.0
lack,0.0
lacking,0.0
lactating,0.0
laden,0.0
lady,0.0
lagonave,0.0
lagos,0.0
lahore,0.0
lake,0.0
lakh,0.0
lambi,0.0
lamentin,0.0
lamno,0.0
lamp,0.0
land,0.0
landed,0.0
landfall,0.0
landing,0.0
landless,0.0
landmine,0.0
landmines,0.0
landscape,0.0
landslide,0.0004968277
lane,0.0
language,0.0
lanka,0.0
lankan,0.0
lantern,0.0
lao,0.0
laplaine,0.0
laptop,0.0
large,0.0
largely,0.0
larger,0.0
largest,0.0
larva,0.0
lashed,0.0
lashing,0.0
last,0.0
lasted,0.0
lasting,0.0
late,0.0
later,0.0
latest,0.0
latrine,0.0
latter,0.0
launch,0.0
launched,0.0
launching,0.0
laundry,0.0
lava,0.0
law,0.0
lawmaker,0.0
lay,0.0
layer,0.0
laying,0.0
le,0.0
lead,0.0
leader,0.0
leadership,0.0
leading,0.0
leaf,0.0
leaflet,0.0
leak,0.0
leakage,0.0
leaking,0.0
lean,0.0
learn,0.0
learned,0.0
learning,0.0
least,0.0
leave,0.0
leaving,0.0
led,0.0
left,0.0
leftist,0.0
leg,0.0
legal,0.0
legislation,0.0
legislative,0.0
legislature,0.0
legitimacy,0.0
legitimate,0.0
legume,0.0
leishmaniasis,0.0
length,0.0
lentil,0.0
leogane,0.0
leone,0.0
leptospirosis,0.0
lesotho,0.0
lesson,0.0
let,0.0
lethal,0.0
letter,0.0
letting,0.0
levee,0.0
level,0.0
leveled,0.0
li,0.0
liberation,0.0
liberia,0.0
liberian,0.0
library,0.0
libya,0.0
license,0.0
lie,0.0
life,0.0
lifeline,0.0
lifesaving,0.0
lift,0.0
lifting,0.0
light,0.0
lighter,0.0
lighting,0.0
lightning,0.0
like,0.022440331
likelihood,0.0
likely,0.0
lime,0.0
limit,0.0
limited,0.0
limiting,0.0
limpopo,0.0
line,0.0
lined,0.0
linen,0.0
link,0.0
linked,0.0
linking,0.0
liquid,0.0
list,0.0
listed,0.0
listen,0.0
listening,0.0
liter,0.0
literally,0.0
litre,0.0
little,0.0
live,0.0
lived,0.0
livelihood,0.0
liver,0.0
livestock,0.0
living,0.0
lmao,0.0
load,0.0
loaded,0.0
loading,0.0
loan,0.0
loc,0.0
local,0.0
locality,0.0
localized,0.0
locally,0.0
locate,0.0
located,0.0004761725
location,0.0010242225
locust,0.0
log,0.0
logging,0.0
logistic,0.0
logistical,0.0
logistics,0.0
lol,0.0
london,0.0
long,0.001109115
longer,0.0
longest,0.0
look,0.0
looked,0.0
looking,0.0
loose,0.0
looting,0.0
lord,0.0
lorry,0.0
los,0.0
lose,0.0
losing,0.0
loss,0.0013216889
lost,0.0015298433
lot,0.0
louis,0.0
love,0.0026307094
loved,0.0
low,0.0
lower,0.0
lowest,0.0
lowland,0.0
loya,0.0
lt,0.0
ltte,0.0
luck,0.0
lucky,0.0
lumpur,0.0
lunch,0.0
lung,0.0
lutheran,0.0
luxembourg,0.0
lwr,0.0
ly,0.0
lycee,0.0
lying,0.0
m,0.0
m8,0.0
ma,0.0
machine,0.0
machinery,0.0
mad,0.0
madad,0.00079373067
madagascar,0.0
made,0.0
madrid,0.0
mag,0.0
maghreb,0.0
magloire,0.0
magma,0.0
magnitude,0.0
maharashtra,0.0
mahotiere,0.0
mai,0.0
maiduguri,0.0
mail,0.0
main,0.0
mainland,0.0
mainly,0.0
mainstream,0.0
maintain,0.0
maintained,0.0
maintaining,0.0
maintenance,0.00043596118
mais,0.0
maize,0.0006339379
major,0.0
majority,0.0
make,0.0022501766
makeshift,0.0
making,0.00044043738
malaria,0.0
malarial,0.0
malawi,0.0
malaysia,0.0
maldives,0.0
male,0.0
mali,0.0
malian,0.0
malnourished,0.0
malnourishment,0.0
malnutrition,0.0
malteser,0.0
mama,0.0
man,0.0
manado,0.0
manage,0.0
managed,0.0
management,0.0006790932
manager,0.0
managing,0.0
mandate,0.0
mango,0.0
mangrove,0.0
manhattan,0.0
manifestation,0.0
manila,0.0
manmade,0.0
manner,0.0
manpower,0.0
manual,0.0
manufacturer,0.0
manufacturing,0.0
manure,0.0
many,0.0
map,0.0
mapou,0.0
mapping,0.0
maputo,0.0
mar,0.0
marathon,0.0
marburg,0.0
marc,0.0
march,0.0
marginal,0.0
mariani,0.0
marie,0.0
marin,0.0
marine,0.0
maritime,0.0
mark,0.0
marked,0.0
market,0.0
marketing,0.0
marooned,0.0
marriage,0.0
married,0.0
martin,0.0
martissan,0.0
martissant,0.0
mashable,0.0
mask,0.0
maslakh,0.0
mason,0.0
masonry,0.0
mass,0.0
massacre,0.0
massive,0.0
master,0.0
mat,0.0
match,0.0
matching,0.0
material,0.0
maternal,0.0
maternity,0.0
mathieu,0.0
matric,0.0
matter,0.0004436295
mattress,0.0
mauritania,0.0
maximum,0.0
may,0.0
maybe,0.0
mayor,0.0
mazar,0.0
mcc,0.0
mdc,0.0
mdm,0.0
meagre,0.0
meal,0.0
mean,0.0
meaning,0.0
meant,0.0
meanwhile,0.0
measles,0.0
measure,0.0012572528
measured,0.0
measuring,0.0
meat,0.0
mechanic,0.0
mechanical,0.0
mechanism,0.0
med,0.0
medan,0.0
medecine,0.0
medecins,0.0
medevac,0.0
medic,0.0
medical,0.0
medicament,0.0
medication,0.0
medicine,0.0
medium,0.0
meet,0.00041019227
meeting,0.0
mega,0.0
meher,0.0
mekong,0.0
melt,0.0
meltdown,0.0
melting,0.0
member,0.0
memory,0.0
men,0.0
meningitis,0.0
mental,0.0
mentawai,0.0
mention,0.0
mentioned,0.0
mera,0.0
merapi,0.0
mercredi,0.0
mercy,0.0
merely,0.0
merlin,0.0
mess,0.0
message,0.017271023
met,0.0
metal,0.0013090916
meteorological,0.0
meteorologist,0.0
meteorology,0.00075202034
meter,0.0
method,0.0
metre,0.0
metric,0.0
metro,0.0
metropolitan,0.0
meulaboh,0.0
mexico,0.0
mi,0.0
miami,0.0
michel,0.0
micro,0.0
microbe,0.0
micronutrient,0.0
mid,0.0
midday,0.0
middle,0.0
midland,0.0
midnight,0.0
midst,0.0
midwife,0.0
might,0.0
migrant,0.0
migration,0.0
mild,0.0
mile,0.00042903124
militaire,0.0
militant,0.0
military,0.0
militia,0.0
militiaman,0.0
milk,0.0
mill,0.0
millennium,0.0
millet,0.0
million,0.0
min,0.0014253425
mind,0.0
mine,0.0
miner,0.0
mineral,0.0
minh,0.0
mini,0.0
minimize,0.0
minimum,0.0
mining,0.0
minister,0.0004122642
ministry,0.0
minor,0.0
minority,0.0
minus,0.0
minusma,0.0
minustah,0.0
minute,0.0
miragoane,0.0
mirebalais,0.0
miserable,0.0
misery,0.0
mismanagement,0.0
miss,0.0
missed,0.0
missile,0.0
missing,0.0
mission,0.0
missionary,0.0
mitigate,0.0
mitigation,0.0
mix,0.0
mixed,0.0
mixing,0.0
miyagi,0.0
mm,0.0
mnla,0.0
mo,0.0
mobile,0.0
mobilisation,0.0
mobilised,0.0
mobilization,0.0
mobilize,0.0
mobilized,0.0
mobilizing,0.0
mode,0.0
model,0.0
moderate,0.0
moderately,0.0
modern,0.0
modest,0.0
modified,0.0
mogadishu,0.0
moh,0.0
mohammad,0.0
moisture,0.0
molasses,0.0
mole,0.0
mom,0.0
mombasa,0.0
moment,0.0
mon,0.0
monastery,0.0
monday,0.0
monetary,0.0
money,0.0
mongolia,0.0
mongolian,0.0
monitor,0.0
monitored,0.0
monitoring,0.0
monkey,0.0
monney,0.0
monsoon,0.0
monsoonal,0.0
month,0.0
monthly,0.0
monuc,0.0
moon,0.0
moral,0.0
morbidity,0.0
moreover,0.0
morne,0.0
morning,0.0
mortality,0.0
mortar,0.0
moscow,0.0
mosque,0.0
mosquito,0.0
mostly,0.00043535393
mother,0.0
motivated,0.0
motivation,0.0
motor,0.0
mount,0.0
mountain,0.0
mountainous,0.0
mountainside,0.0
mounted,0.0
mouth,0.0
move,0.0004454462
moved,0.0
movement,0.00040496505
movie,0.0
moving,0.0
mozambican,0.0
mozambique,0.0
mp,0.0
mph,0.0
mr,0.0
mrcs,0.0
msf,0.0
msg,0.0
msnbc,0.0
mt,0.0
mta,0.0
much,0.0
mud,0.0
muddy,0.0
mudflow,0.0
mudslide,0.0
mugabe,0.0
muhammadu,0.0
multi,0.0
multilateral,0.0
multiparty,0.0
multiple,0.0
mumbai,0.0
municipal,0.0
municipality,0.0
munition,0.0
murder,0.0
muscle,0.0
musharraf,0.0
music,0.0
muslim,0.0
must,0.0019883923
mutiny,0.0
muzaffarabad,0.0
mw,0.0
mwen,0.0035077026
myanmar,0.0
n,0.00087451626
na,0.0
nadu,0.0
nagapattinam,0.0
nail,0.0
nairobi,0.0
nam,0.0
name,0.0
named,0.0
namely,0.0
namibia,0.0
nan,0.0033474725
napkin,0.0
nargis,0.0
narrow,0.0
nathan,0.0038969025
nation,0.0
national,0.00041778796
nationale,0.0
nationality,0.0
nationally,0.0
nationwide,0.0
nato,0.0
natural,0.0011678812
naturally,0.0
nature,0.0
nausea,0.0
naval,0.0
navy,0.0
nazon,0.0
ne,0.0
near,0.0
nearby,0.0
nearest,0.0
nearly,0.0
nebraskan,0.0
necessarily,0.0
necessary,0.0
necessity,0.0
neck,0.0
need,0.00130095
needed,0.0017554001
needing,0.0
neelum,0.0
negative,0.0
negatively,0.0
neglect,0.0
neglected,0.0
negotiate,0.0
negotiation,0.0
neighbor,0.0
neighborhood,0.0
neighboring,0.0
neighbour,0.0
neighbourhood,0.0
neighbouring,0.0
neither,0.0
neonatal,0.0
nepal,0.0
nepalese,0.0
nervous,0.0
net,0.0
netherlands,0.0
network,0.0
neutral,0.0
never,0.0029320198
nevertheless,0.0
new,0.00210121
newark,0.0
newborn,0.0
newly,0.0
news,0.0
newspaper,0.0
newyork,0.0
next,0.0013389619
nfis,0.0
ngo,0.0012223341
ni,0.0
nias,0.0
nice,0.0
nicobar,0.0
nicolas,0.0
niger,0.0
nigeria,0.0016231224
nigerian,0.0
night,0.0
nile,0.0
nine,0.0
ninh,0.0
nino,0.0
nippes,0.0
nipple,0.0
nj,0.0
nnt,0.0
noaa,0.0
nobody,0.0
noise,0.0
nomad,0.0
nomadic,0.0
non,0.0
none,0.0
nonetheless,0.0
nonprofit,0.0
noodle,0.0
nopower,0.0
nord,0.0
normal,0.0
normality,0.0
normally,0.0
north,0.0
northeast,0.0
northeastern,0.0
northern,0.0
northward,0.0
northwest,0.0
northwestern,0.0
norway,0.0
norwegian,0.0
notably,0.0
note,0.02177848
noted,0.0
nothing,0.0
notice,0.0
noticed,0.0
noting,0.0
nov,0.0
november,0.0
nowhere,0.0
npc,0.0
nrc,0.0
nt,0.0
nuclear,0.0
number,0.0
numerous,0.0
nurse,0.0
nursing,0.0
nut,0.0
nutrient,0.0
nutrition,0.0
nutritional,0.0
nutritious,0.0
nw,0.0
nwfp,0.0
ny,0.0
nyc,0.0
nyiragongo,0.0
nyu,0.0
obama,0.0
objective,0.0
obliterated,0.0
observation,0.0
observatory,0.0
observed,0.0
observer,0.0
obstacle,0.0
obstetric,0.0
obtain,0.0
obvious,0.0
obviously,0.0
occasion,0.0
occasional,0.0
occupation,0.0
occupied,0.0
occupy,0.0
occupying,0.0
occur,0.0
occurred,0.0
occurrence,0.0
occurring,0.0
occurs,0.0
ocean,0.0
oceanic,0.0
ocha,0.0
oct,0.0
october,0.0
ofda,0.0
offensive,0.0
offer,0.0
offered,0.0
offering,0.0
office,0.0
officer,0.0
official,0.0
officially,0.0
offshore,0.0
often,0.00044195502
oh,0.0
oil,0.0
ok,0.0
okay,0.0
old,0.0027105429
older,0.0
olympic,0.0
omg,0.0
one,0.002455041
ong,0.0
ongoing,0.0
onion,0.0
online,0.0
onset,0.0
ont,0.004248005
onto,0.0
onward,0.0
op,0.0
open,0.0
opened,0.0
opening,0.0
operate,0.0
operated,0.0
operates,0.0
operating,0.0
operation,0.0
operational,0.0
operator,0.0
opinion,0.0
opportunity,0.0
opposite,0.0
opposition,0.0
optic,0.0
option,0.0
opv,0.0
or,0.0
oral,0.0
orange,0.0
order,0.0
ordered,0.0
ore,0.0
org,0.0
organ,0.0
organic,0.0021213628
organisation,0.0
organised,0.0
organism,0.0
organization,0.0
organize,0.0
organized,0.0004453645
organizing,0.0
origin,0.0
original,0.0
originally,0.0
orissa,0.0
orphan,0.0
orphanage,0.0
others,0.0
otherwise,0.0
ou,0.0
ouest,0.0
outage,0.0
outbreak,0.0
outcome,0.0
outdoor,0.0
outdoors,0.0
outlook,0.0
outlying,0.0
outpatient,0.0
outpouring,0.0
output,0.0
outreach,0.0
outside,0.0
outskirt,0.0
outstanding,0.0
overall,0.0
overcome,0.0
overcrowded,0.0
overflow,0.0
overflowed,0.0
overflowing,0.0
overhead,0.0
overland,0.0
overnight,0.0
overseas,0.0
oversight,0.0
overturned,0.0
overwhelmed,0.0
overwhelming,0.0
ow,0.0
owned,0.0
owner,0.0
oxfam,0.001277805
p,0.0
pa,0.0
pace,0.0
pacific,0.00041718743
pack,0.0
package,0.0
packed,0.0
packet,0.0
packing,0.0
pad,0.0
padang,0.0
paddy,0.0
paediatric,0.0
page,0.0
pahore,0.0
paid,0.0
pain,0.0
pair,0.0
paix,0.0
pakhtunkhwa,0.0
pakistan,0.0
pakistani,0.0
palace,0.0
palestinian,0.0
palm,0.0
pam,0.0
pan,0.0
pandemic,0.0
panel,0.0
panic,0.0
pap,0.0
paper,0.0
papua,0.0
par,0.0
para,0.0
paralysis,0.0
paramedic,0.0
paramilitary,0.0
parasite,0.0
parasitic,0.0
parcel,0.0
parched,0.0
parent,0.0
paris,0.0
park,0.0
parking,0.0
parliament,0.0
parliamentary,0.0
part,0.0
partial,0.0
partially,0.0
participant,0.0
participate,0.0
participated,0.0
participating,0.0
participation,0.0
particular,0.0
particularly,0.0
partly,0.0
partner,0.0
partnering,0.0
partnership,0.0
party,0.0
pas,0.0019017071
pasport,0.0
pass,0.0
passage,0.0
passed,0.0
passenger,0.0
passeport,0.0
passing,0.00040432793
passport,0.009466832
past,0.0
pasta,0.0
paste,0.0
pastoral,0.0
pastoralist,0.0
pastoralists,0.0
pasture,0.0
pastureland,0.0
patch,0.0
path,0.0
pathogen,0.0
pathogenic,0.0
patience,0.0
patient,0.0
patrol,0.0
pattern,0.0
paved,0.0
pay,0.0
paying,0.0
payment,0.0
pb,0.0
pea,0.0
peace,0.0
peaceful,0.0
peacekeeper,0.0
peacekeeping,0.0
peak,0.0
peanut,0.0
peasant,0.0
peat,0.0
pedestrian,0.0
pediatric,0.0
pelerin,0.0
pen,0.0
peninsula,0.0
people,0.018727181
per,0.0021209072
perceived,0.0
percent,0.0
perfect,0.0
perform,0.0
performing,0.0
perhaps,0.0
period,0.0
perishable,0.0
perished,0.0
permanent,0.0
pernier,0.0
perpetrated,0.0
persist,0.0
persistent,0.0
person,0.0017255717
personal,0.0
personnel,0.0
perspective,0.0
peshawar,0.0
pest,0.0
pestel,0.0
pesticide,0.0
pet,0.0
peter,0.0
petion,0.0
petionville,0.0
petit,0.0
petite,0.0
petrol,0.0
pf,0.0
pharmaceutical,0.0
phase,0.0
phenomenon,0.0
philanthropy,0.0
philippine,0.0
phone,0.00088008144
photo,0.0
php,0.0
phraya,0.0
phuket,0.0
physical,0.0
physically,0.0
physician,0.0
pic,0.0
pichilemu,0.0
pick,0.0
picture,0.0
piece,0.0
pier,0.0
pierre,0.0
pig,0.0
pile,0.0
pilgrim,0.0
pillar,0.0
pillow,0.0
pilot,0.0
ping,0.0
pipe,0.0
piped,0.0
pipeline,0.0
piping,0.0
pit,0.0
pitting,0.0
pizza,0.0
place,0.0
placed,0.0
placing,0.0
plage,0.0
plague,0.0
plagued,0.0
plain,0.0
plaine,0.0
plan,0.0
plane,0.0
planned,0.0
planning,0.0
plant,0.0
plantation,0.0
planted,0.0
planting,0.0
plastic,0.0
plate,0.0
plateau,0.0
platform,0.0
play,0.0
played,0.0
player,0.0
playing,0.0001512313
plaza,0.0
plea,0.0
please,0.0013062923
pleased,0.0
pledge,0.0
pledged,0.0
pledging,0.0
plight,0.0
plot,0.0
pls,0.0
plug,0.0
plume,0.0
plumpy,0.0
plunged,0.0
plunging,0.0
plus,0.0
plz,0.0
pm,0.0
pmd,0.0
pmi,0.0
pneumococcal,0.0
pneumonia,0.0
pocket,0.0
point,0.0
pointed,0.0
pointing,0.0
poisoning,0.0
poisonous,0.0
poland,0.0
pole,0.0
police,0.0
policeman,0.0
policy,0.0
polio,0.0
political,0.002109249
politically,0.0
politician,0.0
politics,0.0
poll,0.0
polling,0.0
pollutant,0.0
polluted,0.0
pollution,0.0
polonnaruwa,0.0
pond,0.0
pool,0.0020772873
poor,0.0
poorest,0.0
poorly,0.0
pop,0.0
popular,0.0
populated,0.0
population,0.0
por,0.0
porridge,0.0
port,0.0
portable,0.0
portion,0.0
pose,0.0
posed,0.0
posing,0.0
position,0.0
positive,0.0
possession,0.0
possibility,0.0004128256
possible,0.00044053877
possibly,0.0
post,0.0
posted,0.0
postponed,0.0
pot,0.0
potable,0.0
potato,0.0
potential,0.0
potentially,0.0
pou,0.0
poultry,0.0
pound,0.0
pounded,0.0
pounding,0.0
pour,0.0
poured,0.0
pouring,0.0
poverty,0.00041126268
powder,0.0
power,0.0
powered,0.0
powerful,0.0
ppl,0.0
pr,0.0
pra,0.0
practical,0.0
practice,0.0
pradesh,0.0
pray,0.0
prayer,0.0
praying,0.0
prc,0.0
pre,0.0
precaution,0.0
precautionary,0.0
precious,0.0
precipitation,0.0
precise,0.0
precisely,0.0
predict,0.0
predicted,0.0
prediction,0.0
predicts,0.0
predominantly,0.0
prefabricated,0.0
prefecture,0.0
pregnancy,0.0
pregnant,0.0
prelate,0.0
preliminary,0.0
premature,0.0
premier,0.0
premise,0.0
prep,0.0
preparation,0.0
prepare,0.0
prepared,0.0
preparedness,0.0011370494
preparing,0.0
prescription,0.0
presence,0.0
present,0.0
presented,0.0
presently,0.0
president,0.0
presidential,0.0
press,0.0
pressed,0.0
pressing,0.0
pressure,0.0
presumed,0.0
pretty,0.0
prevail,0.0
prevailed,0.0
prevailing,0.0
prevails,0.0
preval,0.0
prevalence,0.0
prevent,0.0
preventable,0.0
prevented,0.0
preventing,0.0
prevention,0.0
preventive,0.0
preview,0.0
previous,0.0
previously,0.0
prey,0.0
price,0.0013228804
pride,0.0
primarily,0.0
primary,0.0
prime,0.0
prince,0.0
principal,0.0
principle,0.0
prior,0.0
priority,0.0
prison,0.0
prisoner,0.0
private,0.0
pro,0.0
probability,0.0
probably,0.0
problem,0.0
problematic,0.0
procedure,0.0
proceed,0.0
proceeds,0.0
process,0.0
processing,0.0
proclaimed,0.0
procure,0.0
procured,0.0
procurement,0.0
produce,0.0
produced,0.0
producer,0.0
producing,0.0
product,0.0
production,0.0024065427
productive,0.0
productivity,0.0
profession,0.0
professional,0.0
professor,0.0
profile,0.0
profit,0.0
program,0.0026120003
programm,0.0
programme,0.0
programming,0.0
progress,0.0
project,0.002324902
projected,0.0
prolong,0.0
prolonge,0.0
prolonged,0.0
promise,0.0
promised,0.0
promote,0.0
promoting,0.0
promotion,0.0
prompted,0.0
prompting,0.0
prone,0.0
proof,0.0
propaganda,0.0
proper,0.0
properly,0.0
property,0.0
proportion,0.0
proposal,0.0
proposed,0.0
prospect,0.0
prosperity,0.0
protect,0.00042455448
protected,0.0
protecting,0.0
protection,0.0
protective,0.0
protein,0.0
protest,0.0
protester,0.0
protracted,0.0
proud,0.0
prove,0.0
proved,0.0
proven,0.0
provide,0.0
provided,0.0
provider,0.0
provides,0.0
providing,0.0
province,0.0009982495
provincial,0.0
provision,0.0
provisional,0.0
psychiatric,0.0
psycho,0.0
psychological,0.0
psychologist,0.0
psychosocial,0.0
public,0.0
publication,0.0
published,0.0
pul,0.0
pull,0.0
pulled,0.0
pulling,0.0
pulse,0.0
pump,0.0
pumping,0.0
punjab,0.0
pupil,0.0
pur,0.0004698263
purchase,0.0
purchased,0.0
purchasing,0.0
pure,0.0
purification,0.0
purifier,0.0
purify,0.0
purifying,0.0
purpose,0.0
push,0.0
pushed,0.0
pushing,0.0
put,0.001680116
putting,0.0
pyongyang,0.0
q,0.0
qaeda,0.0
qatar,0.0
quake,0.018519275
quality,0.0
quang,0.0
quantity,0.0
quarantine,0.0
quarter,0.0
qubo,0.0
que,0.0062867184
queen,0.0
quelimane,0.0
question,0.0
quetta,0.0
quick,0.0
quickly,0.0
quiet,0.0
quilt,0.0
quite,0.0
quoted,0.0
r,0.0
rabel,0.0
race,0.0
radar,0.0
radiation,0.0
radical,0.0
radio,0.0
radioactive,0.0
raging,0.0
rahim,0.0
raid,0.0
rail,0.0
railroad,0.0
railway,0.0
rain,0.023014842
rained,0.0
rainfall,0.0
rainfed,0.0032417863
raining,0.0
rainning,0.0
rainstorm,0.0
rainwater,0.0
rainy,0.0
raise,0.0
raised,0.0
raising,0.0
rajanpur,0.0032686742
rajasthan,0.0
rakhine,0.0
ramp,0.0
rampant,0.0
ran,0.0
range,0.0
rangeland,0.0
ranging,0.0
rank,0.0
rape,0.0
rapid,0.0
rapidly,0.0
rapporteur,0.0
rare,0.0
rash,0.0
rat,0.0
rate,0.0
rather,0.0
ration,0.0
rattled,0.0
ravaged,0.0
ravine,0.0
raw,0.0
rawalpindi,0.0
ray,0.0
razed,0.0
rc,0.0
re,0.0
reach,0.0
reached,0.0
reaching,0.0
reaction,0.0
reactor,0.0
read,0.0
reading,0.0
ready,0.00041241414
real,0.0
reality,0.0
realize,0.0
really,0.0
rearing,0.0
reason,0.0
rebel,0.0
rebellion,0.0
rebuild,0.0
rebuilding,0.0
rebuilt,0.0
recede,0.0
receded,0.0
recedes,0.0
receding,0.0
receive,0.0
received,0.0008078161
receives,0.0
receiving,0.0
recent,0.0
recently,0.0
reception,0.0
recession,0.0
recharge,0.0
recieve,0.0
recieved,0.0
recipient,0.0
reclamation,0.0
recognition,0.0
recognized,0.0
recommendation,0.0
recommended,0.0
recommends,0.0
reconciliation,0.0
reconstruct,0.0
reconstructed,0.0
reconstructing,0.0
reconstruction,0.0
record,0.0
recorded,0.0
recover,0.0
recovered,0.0
recovering,0.0
recovery,0.0
recreation,0.0
recruiting,0.0
recruitment,0.0
recurrent,0.0
recurring,0.0
recycling,0.0
red,0.0008453408
redcross,0.0
reduce,0.0
reduced,0.0023133126
reduces,0.0
reducing,0.0
reduction,0.0
reef,0.0
reeling,0.0
refer,0.0
reference,0.0
referendum,0.0
referral,0.0
referred,0.0
referring,0.0
reflect,0.0
reflects,0.0
reform,0.0
refuge,0.0
refugee,0.0
refuse,0.0
refused,0.0
refusing,0.0
regard,0.0
regarding,0.0
regency,0.0
regime,0.0
region,0.00048932526
regional,0.0
register,0.0
registered,0.0
registering,0.0
registration,0.0
regular,0.0
regularly,0.0
regulation,0.0
regulatory,0.0
rehabilitate,0.0
rehabilitated,0.0
rehabilitating,0.0
rehabilitation,0.00089081196
rehydration,0.0
reinforced,0.0
reiterate,0.0
related,0.0
relating,0.0
relation,0.0
relationship,0.0
relative,0.0
relatively,0.0
relay,0.0
release,0.0
released,0.0
relentless,0.0
relevant,0.0
reliable,0.0
reliant,0.0
relief,0.018229878
reliefweb,0.0
relies,0.0
relieve,0.0
religious,0.0
relocate,0.0
relocated,0.0
relocation,0.0
rely,0.0
remain,0.0
remainder,0.0
remained,0.0
remaining,0.0
remains,0.0
remember,0.0
remind,0.0
reminded,0.0
remote,0.0
removal,0.0
remove,0.0
removed,0.0
removing,0.0
renaissance,0.0
renamo,0.0
rendered,0.0
rendering,0.0
renegade,0.0
renewable,0.0
renewed,0.0
renovation,0.0
rent,0.0
rented,0.0
reopen,0.0
reopened,0.0
reopening,0.0
rep,0.0
repair,0.0
repaired,0.0
repairing,0.0
repatriation,0.0
repeat,0.0
repeated,0.0
repeatedly,0.0
replace,0.0
replaced,0.0
replacement,0.0
replanting,0.0
replenish,0.0
replica,0.0
reply,0.0
report,0.0
reported,0.0010051138
reportedly,0.0
reporter,0.0
reporting,0.0
repos,0.0
represent,0.0
representation,0.0
representative,0.0
representing,0.0
represents,0.0
repression,0.0
reprisal,0.0
reproductive,0.0
republic,0.0
republican,0.0
request,0.00065503723
requested,0.0
requesting,0.0
require,0.0
required,0.0
requirement,0.0
requires,0.0
requiring,0.0
rescue,0.0
rescued,0.0
rescuer,0.0
rescuing,0.0
research,0.0
researcher,0.0
reserve,0.0
reservoir,0.0
resettle,0.0
resettlement,0.0
residence,0.0
resident,0.0
residential,0.0
residing,0.0
residual,0.0
residue,0.0
resignation,0.0
resilience,0.0
resilient,0.0
resist,0.0
resistance,0.0
resistant,0.0
resolution,0.0
resolve,0.0
resolved,0.0
resort,0.0
resource,0.0018016677
respect,0.0
respectively,0.0
respiratory,0.0
respite,0.0
respond,0.0
responded,0.0
responder,0.0
responding,0.0
response,0.0
responsibility,0.0
responsible,0.0
rest,0.0
restart,0.0
restaurant,0.0
restoration,0.0
restore,0.0
restored,0.0
restoring,0.0
restriction,0.0
result,0.0
resulted,0.0
resulting,0.0
resume,0.0
resumed,0.0
retention,0.0
return,0.00042494386
returned,0.0
returnee,0.0
returnees,0.0
returning,0.0
reuters,0.0
reveal,0.0
revealed,0.0
revenue,0.0
reverse,0.0
review,0.0
revised,0.0
rice,0.0
rich,0.0
richter,0.0
ride,0.0
rift,0.0
right,0.00040571755
ring,0.0
riot,0.0
ripped,0.0
rise,0.0
risen,0.0
rising,0.0
risk,0.0
rival,0.0
river,0.0
riverbed,0.0
riviere,0.0
road,0.0
roadside,0.0
rock,0.0
rocked,0.0
rocket,0.0
rod,0.0
rodent,0.0
roi,0.0
rok,0.0
role,0.0
roll,0.0
rome,0.0
roof,0.0
roofing,0.0
rooftop,0.0
room,0.0
root,0.0
rope,0.0
rose,0.0004181733
rotating,0.0
rotting,0.0
rouge,0.0
rough,0.0
roughly,0.0
round,0.0
route,0.0
routine,0.0
royal,0.0
rt,0.00061360584
rte,0.0
rubber,0.0
rubbish,0.0
rubble,0.0
rue,0.0
ruelle,0.0
rugged,0.0
ruin,0.0
ruined,0.0
rule,0.0
ruled,0.0
ruling,0.0
ruminant,0.0
rumor,0.0
run,0.0
running,0.0
runoff,0.0
runway,0.0
rupee,0.0
rural,0.0030183522
rush,0.0
rushed,0.0
rushing,0.0
russia,0.0
russian,0.0
rust,0.0
ruthless,0.0
rwanda,0.0
rwandan,0.0
ryongchon,0.0
sachet,0.0
sack,0.0
sad,0.0
saeed,0.0
safe,0.0
safeguard,0.0
safely,0.0
safer,0.0
safety,0.0
sahara,0.0
saharan,0.0
sahel,0.0
said,4.0408744e-05
saint,0.0
sainte,0.0
sale,0.0
saline,0.0
salinity,0.0
salt,0.0
salty,0.0
salut,0.0
salutation,0.0
salute,0.0
salvador,0.0
salvaged,0.0
sample,0.0
san,0.0
sanction,0.0
sand,0.0
sandbag,0.0
sandwich,0.0
sandy,0.021635398
sandyabc7,0.0
sandyhelp,0.0
sandynj,0.0
sandyproblems,0.0
sandyrelief,0.0
sanitary,0.0
sanitation,0.0
sank,0.0
sans,0.0
santa,0.0
santiago,0.0
santo,0.0
sar,0.0
sat,0.0
satellite,0.0
satisfactory,0.0
saturday,0.0
saudi,0.0
save,0.0
saved,0.0
saving,0.0
saw,0.0
say,0.0
saying,0.0
scale,0.0
scaling,0.0
scarce,0.0
scarcity,0.0
scare,0.0
scared,0.0
scarf,0.0
scary,0.0
scattered,0.0
scenario,0.0
scene,0.0
schedule,0.0
scheduled,0.0
scheme,0.0
scholarship,0.0
school,0.0
schooling,0.0
science,0.0
scientific,0.0
scientist,0.0
scoop,0.0
scope,0.0
scorching,0.0
score,0.00041012687
scout,0.0
screaming,0.0
screen,0.0
screened,0.0
screening,0.0
se,0.0032189668
sea,0.0
sealed,0.0
search,0.0
searching,0.0
season,0.0
seasonal,0.0
seat,0.0
seawater,0.0
secessionist,0.0
second,0.00041017612
secondary,0.0
secretariat,0.0
secretary,0.0
secretion,0.0
sectarian,0.0
section,0.0
sector,0.0
sectoral,0.0
secure,0.0
security,0.0009794298
sediment,0.0
see,0.0
seed,0.0
seedling,0.0
seeing,0.0
seek,0.0
seeking,0.0
seem,0.0
seemed,0.0
seems,0.0
seen,0.0
seismic,0.0
seismically,0.0
seismological,0.0
seismologist,0.0
seized,0.0
selab,0.0036712454
select,0.0
selected,0.0
self,0.00043936056
sell,0.0018819481
selling,0.0
semi,0.0
sen,0.0
senator,0.0
send,0.00012109132
sending,0.0
senegal,0.0
senegalese,0.0
senior,0.0
sense,0.0
sensitive,0.0
sent,0.000629315
sentence,0.0
sep,0.0
separate,0.0009522783
separated,0.0
separately,0.0
separatist,0.0
sept,0.0
september,0.0
septic,0.0
serf,0.0
series,0.0
serious,0.0
seriously,0.0
serve,0.0
served,0.0
service,0.0029976126
serving,0.0
session,0.0
set,0.0
setting,0.0
settled,0.0
settlement,0.0
seven,0.0
several,0.0
severe,0.0004488194
severed,0.0
severely,0.0
severity,0.0
sewage,0.0
sewer,0.0
sewerage,0.0
sexual,0.0
sexually,0.0
shaanxi,0.0
shabab,0.0
shabelle,0.0
shack,0.0
shadadkot,0.0
shah,0.0025610863
shahdadkot,0.0
shake,0.0
shaken,0.0
shaking,0.0
shall,0.0
shallow,0.0
shampoo,0.0
shanghai,0.0
shape,0.0
share,0.0
shared,0.0
sharia,0.0
sharif,0.0
sharing,0.0
sharp,0.0
shattered,0.0
shebab,0.0
sheep,0.0
sheet,0.0
sheeting,0.0
shelf,0.0
shell,0.0
shelling,0.0
shelter,0.018245237
sheltered,0.0
sheltering,0.0
shift,0.0
shifted,0.0
shifting,0.0
shikarpur,0.0
ship,0.0
shipment,0.0
shipped,0.0
shipping,0.0
shirt,0.0
shit,0.0
shock,0.0
shoe,0.0
shook,0.0
shoot,0.0
shooting,0.0
shop,0.0
shore,0.0
shoreline,0.0
short,0.0
shortage,0.0
shortfall,0.0
shortly,0.0
shot,0.0
shouting,0.0
shovel,0.0
show,0.0
showed,0.0
shower,0.0
showing,0.0
shown,0.0
shrimp,0.0
shut,0.0
shutdown,0.0
siberia,0.0
sichuan,0.0
sick,0.0
sickness,0.0
side,0.0
sidr,0.0
sierra,0.0
sight,0.0
sign,0.0
signal,0.0
signed,0.0
significant,0.001329472
significantly,0.0
silence,0.0
silo,0.0
silt,0.0
similar,0.0
similarly,0.0
simple,0.002202891
simply,0.0
sin,0.0
since,0.0011527153
sindh,0.0
singapore,0.0
singh,0.0
single,0.0
sink,0.0
sir,0.0
siren,0.0
sister,0.0
sit,0.0
site,0.0
sitoli,0.0
sits,0.0
sitting,0.0
situated,0.0
situation,0.0007070378
six,0.0
sixth,0.0
size,0.0
sized,0.0
skill,0.0
skilled,0.0
skin,0.0
sky,0.0
slab,0.0
slammed,0.0
sleep,0.0
sleeping,0.0
slide,0.0
slight,0.0
slightly,0.0
sling,0.0
slip,0.0
slope,0.0
slow,0.0
slowed,0.0
slowly,0.0
slum,0.0
sm,0.0
small,0.0
smaller,0.0
smallholder,0.0
smart,0.0
smashed,0.0
smell,0.0
smh,0.0
smile,0.0
smog,0.0
smoke,0.0
smooth,0.0
smuggling,0.0
snack,0.0
snake,0.0
snakebite,0.0
snap,0.0
sneaker,0.0
sniffer,0.0
snow,0.0
snowfall,0.0
snowstorm,0.0
so,0.0012507382
soaking,0.0
soap,0.0
soaring,0.0
social,0.0
society,0.0
socio,0.0
sock,0.0
sofala,0.0
soft,0.0
sogebank,0.0
soichi,0.0
soil,0.0
solar,0.0005105732
sold,0.0
soldier,0.0
soleil,0.0
solid,0.0
solidarite,0.0
solidarity,0.0
solino,0.0
solution,0.0
somali,0.0
somalia,0.0
somebody,0.0
someone,0.0
something,0.0019121713
sometimes,0.0
somewhere,0.0
son,0.0
song,0.0
soon,0.0
sore,0.0
sorghum,0.0
sorry,0.0
sort,0.0
sortie,0.0
sorting,0.0
sou,0.0
sought,0.0
sound,0.0
sounded,0.0
soup,0.0
source,0.000439754
south,0.0
southeast,0.0
southeastern,0.0
southern,0.0
southwest,0.0
southwestern,0.0
soviet,0.0
sown,0.0
soy,0.0
soya,0.0
soybean,0.0
space,0.0004346125
spain,0.0
span,0.0
spanish,0.0
spare,0.0
spared,0.0
spark,0.0
sparked,0.0
sparse,0.0
sparsely,0.0
speak,0.0
speaker,0.0
speaking,0.0
special,0.0
specialist,0.0
specialized,0.0
specially,0.0
specie,0.0
specific,0.0
specifically,0.0
speech,0.0
speed,0.0
spell,0.0
spend,0.0004314118
spending,0.0
spent,0.0
spill,0.0
spinal,0.0
spirit,0.0
spite,0.0
spla,0.0
split,0.0
spoke,0.0
spokesman,0.0
sponge,0.0
sponsor,0.0
sponsored,0.0
sponsorship,0.0
spontaneous,0.0
spoon,0.0
sporadic,0.0
sport,0.0
spot,0.0
sprawling,0.0
spray,0.0
spraying,0.0
spread,0.0
spreading,0.0
spring,0.0
squad,0.0
squalid,0.0
square,0.0
squatter,0.0
src,0.0
sri,0.0
srinagar,0.0
st,0.0
stability,0.0
stabilization,0.0
stable,0.0
stack,0.0
stadium,0.0
staff,0.0
stage,0.0
staged,0.0
staging,0.0
stagnant,0.0
stakeholder,0.0
stamford,0.0
stamp,0.0
stand,0.0
standard,0.0
standby,0.0
standing,0.0
standstill,0.0
staple,0.0026530582
star,0.0
starbucks,0.0
start,0.0
started,0.0
starting,0.0
starvation,0.0
starving,0.0
state,0.0
stated,0.0
statement,0.0
staten,0.0
station,0.0
stationed,0.0
status,0.0
stay,0.0
stayed,0.0
staying,0.0
steady,0.0
stealing,0.0
steam,0.0
steel,0.0
steep,0.0
stem,0.0
step,0.0
stepped,0.0
stick,0.0
still,0.0
stilt,0.0
stock,0.0
stocking,0.0
stockpile,0.0
stomach,0.0
stone,0.0
stood,0.0
stool,0.0
stop,0.0
stopped,0.0
storage,0.0
store,0.0
stored,0.0
storey,0.0
storm,0.021940876
stormy,0.0012390353
story,0.0
stove,0.0
straight,0.0
strain,0.0
stranded,0.0
strategic,0.0
strategy,0.0
straw,0.0
stream,0.0
street,0.0004937097
strength,0.0
strengthen,0.0
strengthened,0.0
strengthening,0.0
stress,0.0
stressed,0.0
stretch,0.0
stretched,0.0
stretching,0.0
stricken,0.0
strict,0.0
strife,0.0
strike,0.0
string,0.0
strip,0.0
striving,0.0
stro,0.0
strong,0.0
stronger,0.0
strongest,0.0
stronghold,0.0
strongly,0.0
struck,0.0
structural,0.0
structure,0.0
struggle,0.0
struggled,0.0
struggling,0.0
stuck,0.0
student,0.0
study,0.0
studying,0.0
stuff,0.0
stupid,0.0
sturdy,0.0
style,0.0
sub,0.0
subduction,0.0
subject,0.0
submarine,0.0
submerged,0.0
subscribe,0.0
subsequent,0.0
subsequently,0.0
subsided,0.0
subsidized,0.0
subsidy,0.0
subsistence,0.0
substance,0.0
substantial,0.0
substantially,0.0
substation,0.0
subsurface,0.0
suburb,0.0
subway,0.0
success,0.0
successful,0.0
successfully,0.0
successive,0.0
suck,0.0
sucre,0.0
sud,0.0
sudan,0.0
sudanese,0.0
sudden,0.0
suddenly,0.0
suffer,0.0
suffered,0.0
suffering,0.0
suffers,0.00040357906
sufficient,0.0
sugar,0.0004046342
sugarcane,0.0
suggest,0.0
suggested,0.0
suggests,0.0
suicide,0.0
suit,0.0
suitable,0.0
suited,0.0
sukkur,0.0
sulawesi,0.0
sultan,0.0
sum,0.0
sumatra,0.00018658528
summary,0.0
summer,0.0
summit,0.0
sun,0.0
sunday,0.0
sunflower,0.0
sunny,0.0
super,0.0
supermarket,0.0
supervision,0.0
supplement,0.0
supplemental,0.0
supplementary,0.0
supplementation,0.0
supplied,0.0
supplier,0.0
supply,0.0006484521
supplying,0.0
support,0.0
supported,0.0
supporter,0.0
supporting,0.0
suppose,0.0
supposed,0.0
sure,0.0
surf,0.0
surface,0.0
surfaid,0.0
surge,0.0
surgeon,0.0
surgery,0.0
surgical,0.0
surging,0.0
surplus,0.0
surprise,0.0
surrounded,0.0
surrounding,0.0
surveillance,0.0
survey,0.0
survival,0.0
survive,0.0
survived,0.0
surviving,0.0
survivor,0.0
susceptible,0.0
suspect,0.0
suspected,0.0
suspended,0.0
suspension,0.0
sustain,0.0
sustainability,0.0
sustainable,0.0018888596
sustained,0.0
sustaining,0.0
svp,0.0
swamped,0.0
swarm,0.0
swat,0.0
swathe,0.0
swaziland,0.0
sweater,0.0
sweep,0.0
sweet,0.0
swell,0.0
swelled,0.0
sweltering,0.0
swept,0.0
swiftly,0.0
swim,0.0
swimming,0.0
swine,0.0
swing,0.0
swiss,0.0
switch,0.0
switzerland,0.0
swollen,0.0
sy,0.0
symbol,0.0
symptom,0.0
syndrome,0.0
syria,0.0
system,0.0
ta,0.0
tab,0.0
tabarre,0.0
table,0.0
tablet,0.0
tackle,0.0
tackling,0.0
tactic,0.0
tahseel,0.0
tahsel,0.000702451
tailing,0.0
taipei,0.0
taiwan,0.0
tajik,0.0
tajikistan,0.0
take,0.0011430874
taken,0.0
taking,0.0
talca,0.0
talcahuano,0.0
taliban,0.0
talk,0.0
talking,0.0
taluka,0.0
tamil,0.0
tan,0.0
tana,0.0
tank,0.0011315012
tanker,0.0
tant,0.0
tants,0.0
tanzania,0.0
tap,0.0
target,0.0
targeted,0.0
targeting,0.0
tarp,0.0
tarpaulin,0.0
task,0.00043468937
tax,0.0
taxi,0.0
tb,0.0
te,0.0
tea,0.0
teach,0.0
teacher,0.0
teaching,0.0
team,0.0
tear,0.0
tech,0.0
technical,0.0
technician,0.002132223
technique,0.002341847
technology,0.0
tectonic,0.0008710725
teenager,0.0
teff,0.0
teh,0.0
tehsil,0.0
teleco,0.0
telecom,0.0
telecommunication,0.0
telephone,0.0
television,0.0
tell,0.003303691
telling,0.0
temperature,0.0
temple,0.0
temporarily,0.0
temporary,0.0004441258
ten,0.0
tend,0.0
tended,0.0
tendency,0.0
tension,0.0
tent,0.024261314
tented,0.0
tentes,0.0
tepco,0.0
term,0.0010165109
terminal,0.0
terrain,0.0
terre,0.0
terremoto,0.0
terremotochile,0.0
terrible,0.0
terrified,0.0
territorial,0.0
territory,0.0
terror,0.0
terrorism,0.0
terrorist,0.0
test,0.0
tested,0.0
testing,0.0
tetanus,0.0
text,0.0
th,0.0
tha,0.0
thai,0.0
thailand,0.0
thank,0.003170951
thankful,0.0
thankfully,0.0
thanks,0.00032033067
thanksgiving,0.0
thankyou,0.0
thap,0.0
thatch,0.0
thatched,0.0
thats,0.0
thatta,0.0
theatre,0.0
theme,0.0
ther,0.0
therapeutic,0.0
therapy,0.0
thereas,0.0
thereby,0.0
therefore,0.0
thermal,0.0
thick,0.0
thief,0.0
thien,0.0
thin,0.0
thing,0.00043353916
think,0.0012257169
thinking,0.0
third,0.0
thirst,0.0
thirsty,0.0
thirty,0.0
tho,0.0
thomassin,0.0
thomazeau,0.0
thoroughly,0.0
though,0.0
thought,0.00059954723
thousand,0.00044074657
threat,0.0
threaten,0.0
threatened,0.0
threatening,0.0
threatens,0.0
three,0.0
throat,0.0
throughout,0.0
throw,0.0
thru,0.0
thrust,0.0
thua,0.0
thunder,0.0
thundershower,0.0
thunderstorm,0.0
thursday,0.0
thus,0.0
ti,0.0
ticket,0.0
tidal,0.0
tide,0.0
tie,0.0
tiger,0.0
tigray,0.0
til,0.0
till,0.0
timber,0.0
timbuktu,0.0
time,0.0002404672
timely,0.0
tin,0.0
tiny,0.0
tinyurl,0.00041304494
tip,0.0
tired,0.0
title,0.0
titus,0.0
tl,0.0
tn,0.0
tni,0.0
today,0.0
toddler,0.0
together,0.0
togo,0.0
toilet,0.0
toiletry,0.0
tokyo,0.0
told,0.0
tolerance,0.0
tolerant,0.0
toll,0.0
tom,0.0
tomato,0.0
tomazo,0.0
tomorrow,0.00074288616
ton,0.0
tonight,0.0
tonne,0.0
took,0.0
tool,0.0
toothbrush,0.0
toothpaste,0.0
top,0.0
topic,0.0
toppled,0.0
tore,0.0
torn,0.0
tornado,0.0
torrent,0.0
torrential,0.0
tortue,0.0
torture,0.0
total,0.0
totaling,0.0
totally,0.0
touch,0.0
touched,0.0
touching,0.0
tough,0.0
tour,0.0
tourism,0.0
tourist,0.0
toward,0.0
towards,0.0
towel,0.0
tower,0.0
town,0.0
township,0.0
toxic,0.0
toy,0.0
tracing,0.0
track,0.0
tracking,0.0
tract,0.0
tractor,0.0
trade,0.0
trader,0.0
trading,0.0
tradition,0.0
traditional,0.0
traditionally,0.0
traffic,0.0
trafficking,0.0
tragedy,0.0
tragic,0.0
trail,0.0
trailer,0.0
train,0.0
trained,0.0
trainer,0.0
training,0.0
transboundary,0.0
transfer,0.0
transferred,0.0
transformer,0.0
transit,0.0
transition,0.0
transitional,0.0
translate,0.00017759105
translated,0.000683165
translator,0.0
transmission,0.0
transmit,0.0
transmitted,0.0
transparency,0.0
transplant,0.0
transport,0.0
transportation,0.0
transported,0.0
transporting,0.0
trap,0.0
trapped,0.0
trash,0.0
trauma,0.0
traumatized,0.0
travel,0.0
traveling,0.0
travelling,0.0
treat,0.0
treated,0.0
treating,0.0
treatment,0.0
treaty,0.0
tree,0.00048732094
tremendous,0.0
tremor,0.0
trench,0.0
trend,0.0
trendy,0.0
tri,0.0
triage,0.0
trial,0.0
tribal,0.0
tributary,0.0
trick,0.0
tried,0.0
trigger,0.0
triggered,0.0
triggering,0.0
trincomalee,0.0
trip,0.0
triple,0.0
troop,0.0
tropical,0.0
trouble,0.0
troubled,0.0
trough,0.0
truck,0.0
trucking,0.0
true,0.0
truly,0.0
truncated,0.0
trunk,0.0
trust,0.0
truth,0.0
try,0.0
trying,0.0
tsunami,0.0
tuareg,0.0
tube,0.0
tuberculosis,0.0
tuesday,0.0
tumblr,0.0
tuna,0.0
tunnel,0.0
turbine,0.0
turkey,0.0
turkish,0.0
turkmenistan,0.0
turn,0.0
turned,0.0
turning,0.0
turnout,0.0
tv,0.0
tweet,0.00042444086
twelve,0.0
twenty,0.0
twice,0.0
twitpic,0.0
twitter,0.0
twitvid,0.0
two,0.00044145912
type,0.0
typhoid,0.0
typhoon,0.0
typically,0.0
tzu,0.0
u,0.0025761279
uganda,0.0
uk,0.0
ultimately,0.0
um,0.0
umcor,0.0
un,0.0
unable,0.0
unaccompanied,0.0
unarmed,0.0
uncertain,0.0
uncertainty,0.0
unchanged,0.0
unclean,0.0
unclear,0.0
uncontrolled,0.0
undac,0.0
undergoing,0.0
underground,0.0
underlying,0.0
undermine,0.0
undermining,0.0
underneath,0.0
undernourished,0.0
underprivileged,0.0
undersea,0.0
understand,0.0
understanding,0.0
undertake,0.0
undertaken,0.0
undertaking,0.0
underwater,0.0
underway,0.0
undp,0.0
unemployed,0.0
unemployment,0.0
unexploded,0.0
unfolding,0.0
unfortunately,0.0
unfpa,0.0
unhcr,0.0
unhealthy,0.0
unicef,0.0
unidentified,0.0
union,0.0
unique,0.0
unit,0.0
unita,0.0
united,0.0
unity,0.0
university,0.0
unjlc,0.0
unknown,0.0
unlawful,0.0
unleashed,0.0
unleashing,0.0
unless,0.0
unlike,0.0
unlikely,0.0
unplanned,0.0
unprecedented,0.0
unpredictable,0.0
unreliable,0.0
unrest,0.0
unsafe,0.0
unsanitary,0.0
unseasonably,0.0
unseasonal,0.0
unstable,0.0
untill,0.0
untreated,0.0
unusual,0.0
unusually,0.0
upcoming,0.0
update,0.0004163572
updated,0.0
upgrade,0.0
upgrading,0.0
upon,0.0
upper,0.0
uprising,0.0
uprooted,0.0
uprooting,0.0
ups,0.0
upstream,0.0
upsurge,0.0
upto,0.0
ur,0.0
uranium,0.0
urban,0.0
urbanization,0.0
urea,0.0
urge,0.0
urged,0.0
urgency,0.0
urgent,0.0
urgently,0.0
urging,0.0
urine,0.0
us,0.0
us17,0.0
usa,0.0
usaid,0.0
usd,0.0
use,0.0017704467
used,0.0
useful,0.0
user,0.0
usgs,0.0
using,0.0
usual,0.0
usually,0.0
utensil,0.0
utility,0.0
uttar,0.0
uttarakhand,0.0
uzbekistan,0.0
v,0.0
va,0.0
vacant,0.0
vacation,0.0
vaccinated,0.0
vaccination,0.0
vaccine,0.0
valley,0.0
valuable,0.0
value,0.0026027982
valued,0.0
van,0.0
variability,0.0
variety,0.0
various,0.0
varying,0.0
vast,0.0
vector,0.0
vegetable,0.0
vegetation,0.0
vehicle,0.0
vendor,0.0
venezuela,0.0
verify,0.0
version,0.0
vert,0.0
vessel,0.0
veterinary,0.0
vi,0.0
via,0.00040102322
viable,0.0
vibrio,0.0
vice,0.0
vicinity,0.0
vicious,0.0
victim,0.00550873
victime,0.0
victimes,0.0
victory,0.0
video,0.0
viet,0.0
vietnam,0.0
view,0.0
vilage,0.0
villa,0.0
village,0.0
villager,0.0
ville,0.0
violation,0.0
violence,0.0
violent,0.0
violently,0.0
viral,0.0
virgin,0.0
virtually,0.0
virulent,0.0
virus,0.0
visa,0.003667619
visibility,0.0
visible,0.0
vision,0.0
visit,0.0024509635
visited,0.0
visiting,0.0
vital,0.0
vitamin,0.0
vocational,0.0
voice,0.0
volatile,0.0
volcanic,0.0
volcano,0.0
voltage,0.0
volume,0.0
voluntary,0.0
volunteer,0.0008937924
volunteering,0.0
vomit,0.0
vomiting,0.0
vote,0.0013312129
voter,0.0
voting,0.0
vowed,0.0
vulnerability,0.0
vulnerable,0.0
w,0.0
wade,0.0
wage,0.0
wagon,0.0
wait,0.0
waiting,0.0
waitting,0.0
wake,0.0
wala,0.0
walk,0.0
walked,0.0
walking,0.0
wall,0.0
wan,0.0
waney,0.0
want,0.004340106
wanted,0.0
war,0.0
ward,0.0
warehouse,0.0
warehousing,0.0
warfare,0.0
warlord,0.0
warm,0.0
warmer,0.0
warming,0.0
warn,0.0
warned,0.0
warning,0.0
warns,0.0
warship,0.0
wash,0.0
washed,0.0
washing,0.002605623
washington,0.0
washroom,0.0
waste,0.0
wastewater,0.0
watan,0.0
watch,0.0
watched,0.0
watching,0.0
water,0.012336598
waterborne,0.0
waterlogged,0.0
waterway,0.0
watery,0.0
wave,0.0
way,0.003183482
weak,0.0
weakened,0.0
weakness,0.0
weapon,0.0
wear,0.0
weather,0.0
web,0.0
website,0.0
wedding,0.0
wednesday,0.0
weed,0.0
week,0.0
weekend,0.0
weekly,0.0
weight,0.0
welcome,0.0
welcomed,0.0
welding,0.0
welfare,0.0
well,0.0016827234
wenchuan,0.0
went,0.0
wereda,0.0
west,0.0
westerly,0.0
western,0.0
wet,0.0
wetland,0.0
wfp,0.0
whatever,0.0
wheat,0.0
wheel,0.0
whenever,0.0
whereas,0.0
whether,0.0
whilst,0.0
white,0.0
whole,0.00086079375
whose,0.0
wide,0.0
widely,0.0
widening,0.0
wider,0.0
widespread,0.0
wife,0.0
wild,0.0
wildfire,0.0
willing,0.0
win,0.0
wind,0.0
window,0.0
windy,0.0
wine,0.0
wing,0.0
winning,0.0
winter,0.0
winterised,0.0
winterization,0.0
winterized,0.0
wipe,0.0
wiped,0.0
wire,0.0
wireless,0.0
wish,0.0
withdrawal,0.0
within,0.0
without,0.0
withstand,0.0
witness,0.0
witnessed,0.0
wmo,0.0
woman,0.0
wonder,0.0
wondering,0.0
wont,0.0
wood,0.0
wooden,0.0
word,0.0006133052
work,0.0023299989
worked,0.0
worker,0.0
working,0.0
workshop,0.0
world,0.0
worldwide,0.0
worm,0.0
worried,0.0
worry,0.0
worrying,0.0
worse,0.0
worsen,0.0
worsened,0.0
worsening,0.0
worst,0.0
worth,0.0
would,0.002039918
wound,0.0
wounded,0.0
wounding,0.0
wow,0.0
wreaked,0.0
wrecked,0.0
write,0.0
writing,0.0
written,0.0
wrong,0.0
wrote,0.0
wrought,0.0
wtf,0.0
www,0.0
x,0.0
xinhua,0.0
xinjiang,0.0
xvzzt,0.0
ya,0.0
ya6kpzm,0.0
yangon,0.0
yangtze,0.0
yar,0.0
yard,0.0
yeah,0.0
year,0.0003072248
yele,0.0
yellow,0.0
yemyin,0.0
yen,0.0
yes,0.0
yesterday,0.0
yet,0.0
yield,0.0
yielding,0.0
yo,0.0
yogyakarta,0.0
yon,0.00043670885
york,0.0
yorkers,0.0
young,0.0027512873
youngster,0.0
youth,0.0
youtube,0.0
yr,0.0
yuan,0.0
yunnan,0.0
yup,0.0
yusuf,0.0
zaire,0.0
zambezia,0.0
zambia,0.0
zanu,0.0
zealand,0.0
zero,0.0
zhejiang,0.0
zimbabwe,0.0
zimbabwean,0.0
zinc,0.0
zone,0.0
